{"nm":"camping_icons_lottie","ddd":0,"h":1200,"w":1200,"meta":{"g":"@lottiefiles/toolkit-js 0.26.1"},"layers":[{"ty":3,"nm":"timing 2","sr":1,"st":0,"op":1200,"ip":32,"hd":false,"ddd":0,"bm":0,"hasMask":false,"ao":0,"ks":{"a":{"a":0,"k":[0,0,0],"ix":1},"s":{"a":0,"k":[100,100,100],"ix":6},"sk":{"a":0,"k":0},"p":{"a":0,"k":[448,628,0],"ix":2},"r":{"a":0,"k":0,"ix":10},"sa":{"a":0,"k":0},"o":{"a":0,"k":0,"ix":11}},"ef":[],"ind":1},{"ty":3,"nm":"timing","sr":1,"st":0,"op":1200,"ip":32,"hd":false,"ddd":0,"bm":0,"hasMask":false,"ao":0,"ks":{"a":{"a":0,"k":[0,0,0],"ix":1},"s":{"a":0,"k":[100,100,100],"ix":6},"sk":{"a":0,"k":0},"p":{"a":0,"k":[448,628,0],"ix":2},"r":{"a":0,"k":0,"ix":10},"sa":{"a":0,"k":0},"o":{"a":1,"k":[{"o":{"x":0.167,"y":0.167},"i":{"x":0.833,"y":0.833},"s":[0],"t":32},{"o":{"x":0.167,"y":0.167},"i":{"x":0.833,"y":0.833},"s":[0],"t":44},{"o":{"x":0.167,"y":0.167},"i":{"x":0.833,"y":0.833},"s":[0],"t":177},{"o":{"x":0.167,"y":0.167},"i":{"x":0.833,"y":0.833},"s":[0],"t":235},{"o":{"x":0.167,"y":0.167},"i":{"x":0.833,"y":0.833},"s":[0],"t":330},{"o":{"x":0.167,"y":0.167},"i":{"x":0.833,"y":0.833},"s":[0],"t":388},{"o":{"x":0.167,"y":0.167},"i":{"x":0.833,"y":0.833},"s":[0],"t":478},{"s":[0],"t":536}],"ix":11}},"ef":[],"ind":2},{"ty":3,"nm":"all_scale","sr":1,"st":0,"op":1200,"ip":0,"hd":false,"ddd":0,"bm":0,"hasMask":false,"ao":0,"ks":{"a":{"a":0,"k":[0,0,0],"ix":1},"s":{"a":0,"k":[80,80,100],"ix":6},"sk":{"a":0,"k":0},"p":{"a":0,"k":[600,600,0],"ix":2},"r":{"a":0,"k":0,"ix":10},"sa":{"a":0,"k":0},"o":{"a":0,"k":0,"ix":11}},"ef":[],"ind":3},{"ty":3,"nm":"axe_control","sr":1,"st":0,"op":136,"ip":6,"hd":false,"ddd":0,"bm":0,"hasMask":false,"ao":0,"ks":{"a":{"a":0,"k":[0,0,0],"ix":1},"s":{"a":0,"k":[100,100,100],"ix":6},"sk":{"a":0,"k":0},"p":{"a":1,"k":[{"o":{"x":0.42,"y":0},"i":{"x":0.58,"y":1},"s":[-14,80,0],"t":44,"ti":[8.555,-0.092,0],"to":[0.833,-0.5,0]},{"h":1,"s":[-207,80,0],"t":67},{"o":{"x":0.001,"y":0},"i":{"x":0.58,"y":1},"s":[-207,80,0],"t":79,"ti":[37.176,61.079,0],"to":[0.083,-0.25,0]},{"o":{"x":0.52,"y":0},"i":{"x":0.74,"y":0.499},"s":[-205,-10,0],"t":100,"ti":[-1.222,-37.444,0],"to":[67.208,-78.631,0]},{"s":[-45,10,0],"t":108}],"ix":2},"r":{"a":1,"k":[{"h":1,"s":[0],"t":67},{"o":{"x":0.001,"y":0},"i":{"x":0.667,"y":1},"s":[0],"t":79},{"o":{"x":0.579,"y":0},"i":{"x":0.609,"y":0.798},"s":[-51],"t":100},{"s":[93],"t":108}],"ix":10},"sa":{"a":0,"k":0},"o":{"a":0,"k":0,"ix":11}},"ef":[],"ind":4,"parent":3},{"ty":4,"nm":"fire_log_end_line","sr":1,"st":-4,"op":132,"ip":124,"hd":false,"ddd":0,"bm":0,"hasMask":false,"ao":0,"ks":{"a":{"a":0,"k":[160,148,0],"ix":1},"s":{"a":0,"k":[100,100,100],"ix":6},"sk":{"a":0,"k":0},"p":{"a":0,"k":[160,148,0],"ix":2},"r":{"a":1,"k":[{"o":{"x":0.48,"y":0.04},"i":{"x":0.52,"y":0.96},"s":[0],"t":124},{"s":[55],"t":132}],"ix":10},"sa":{"a":0,"k":0},"o":{"a":0,"k":100,"ix":11}},"ef":[],"shapes":[{"ty":"gr","bm":0,"hd":false,"mn":"ADBE Vector Group","nm":"Shape 1","ix":1,"cix":2,"np":3,"it":[{"ty":"sh","bm":0,"hd":false,"mn":"ADBE Vector Shape - Group","nm":"Path 1","ix":1,"d":1,"ks":{"a":0,"k":{"c":false,"i":[[0,0],[0,0]],"o":[[0,0],[0,0]],"v":[[160,148],[201.5,89]]},"ix":2}},{"ty":"fl","bm":0,"hd":false,"mn":"ADBE Vector Graphic - Fill","nm":"Fill 1","c":{"a":0,"k":[0.9529,0.5765,0.6431],"ix":4},"r":1,"o":{"a":0,"k":100,"ix":5}},{"ty":"tr","a":{"a":0,"k":[0,0],"ix":1},"s":{"a":0,"k":[100,100],"ix":3},"sk":{"a":0,"k":0,"ix":4},"p":{"a":0,"k":[0,0],"ix":2},"r":{"a":0,"k":0,"ix":6},"sa":{"a":0,"k":0,"ix":5},"o":{"a":0,"k":100,"ix":7}}]},{"ty":"gr","bm":0,"hd":false,"mn":"ADBE Vector Group","nm":"Group 1","ix":2,"cix":2,"np":1,"it":[{"ty":"st","bm":0,"hd":false,"mn":"ADBE Vector Graphic - Stroke","nm":"Stroke 1","lc":2,"lj":1,"ml":4,"o":{"a":0,"k":100,"ix":4},"w":{"a":0,"k":8,"ix":5},"c":{"a":0,"k":[1,1,1],"ix":3}},{"ty":"tr","a":{"a":0,"k":[0,0],"ix":1},"s":{"a":0,"k":[100,100],"ix":3},"sk":{"a":0,"k":0,"ix":4},"p":{"a":0,"k":[0,0],"ix":2},"r":{"a":0,"k":0,"ix":6},"sa":{"a":0,"k":0,"ix":5},"o":{"a":0,"k":100,"ix":7}}]},{"ty":"st","bm":0,"hd":false,"mn":"ADBE Vector Graphic - Stroke","nm":"Stroke 1","lc":2,"lj":1,"ml":4,"o":{"a":0,"k":100,"ix":4},"w":{"a":0,"k":8,"ix":5},"c":{"a":0,"k":[1,1,1],"ix":3}}],"ind":5,"parent":3},{"ty":4,"nm":"fire_log_end_extra","sr":1,"st":-5,"op":124,"ip":108,"hd":false,"ddd":0,"bm":0,"hasMask":false,"ao":0,"ks":{"a":{"a":0,"k":[19.408,35.936,0],"ix":1},"s":{"a":0,"k":[100,100,100],"ix":6},"sk":{"a":0,"k":0},"p":{"a":1,"k":[{"o":{"x":0.48,"y":0.035},"i":{"x":0.52,"y":0.965},"s":[160.848,151.789,0],"t":111,"ti":[-2.348,-10.539,0],"to":[5.902,-0.289,0]},{"s":[177.348,160.789,0],"t":124}],"ix":2},"r":{"a":1,"k":[{"o":{"x":0.48,"y":0.04},"i":{"x":0.52,"y":0.96},"s":[0],"t":111},{"s":[34],"t":124}],"ix":10},"sa":{"a":0,"k":0},"o":{"a":0,"k":100,"ix":11}},"ef":[],"shapes":[{"ty":"gr","bm":0,"hd":false,"mn":"ADBE Vector Group","nm":"Rectangle 2","ix":1,"cix":2,"np":3,"it":[{"ty":"gr","bm":0,"hd":false,"mn":"ADBE Vector Group","nm":"Group 1","ix":1,"cix":2,"np":1,"it":[{"ty":"sh","bm":0,"hd":false,"mn":"ADBE Vector Shape - Group","nm":"Path 1","ix":1,"d":1,"ks":{"a":0,"k":{"c":true,"i":[[-9.941,0],[0,0],[0,-9.941],[0,0],[9.941,0],[0,0],[0,9.941],[0,0]],"o":[[0,0],[9.941,0],[0,0],[0,9.941],[0,0],[-9.941,0],[0,0],[0,-9.941]],"v":[[-1.5,-35.5],[1.5,-35.5],[19.5,-17.5],[19.5,17.5],[1.5,35.5],[-1.5,35.5],[-19.5,17.5],[-19.5,-17.5]]},"ix":2}},{"ty":"tr","a":{"a":0,"k":[19.356,0.033],"ix":1},"s":{"a":1,"k":[{"o":{"x":0.48,"y":0.04},"i":{"x":0.52,"y":0.96},"s":[100,100],"t":111},{"s":[54,100],"t":124}],"ix":3},"sk":{"a":0,"k":0,"ix":4},"p":{"a":0,"k":[19.356,0.033],"ix":2},"r":{"a":0,"k":0,"ix":6},"sa":{"a":0,"k":0,"ix":5},"o":{"a":0,"k":100,"ix":7}}]},{"ty":"rd","bm":0,"hd":false,"mn":"ADBE Vector Filter - RC","nm":"Round Corners 1","ix":2,"r":{"a":0,"k":18,"ix":1}},{"ty":"st","bm":0,"hd":false,"mn":"ADBE Vector Graphic - Stroke","nm":"Stroke 1","lc":2,"lj":1,"ml":4,"o":{"a":0,"k":100,"ix":4},"w":{"a":0,"k":8,"ix":5},"c":{"a":0,"k":[1,1,1],"ix":3}},{"ty":"tr","a":{"a":0,"k":[0,0],"ix":1},"s":{"a":0,"k":[100,100],"ix":3},"sk":{"a":0,"k":0,"ix":4},"p":{"a":0,"k":[0,0],"ix":2},"r":{"a":0,"k":0,"ix":6},"sa":{"a":0,"k":0,"ix":5},"o":{"a":0,"k":100,"ix":7}}]},{"ty":"fl","bm":0,"hd":false,"mn":"ADBE Vector Graphic - Fill","nm":"Fill 1","c":{"a":0,"k":[0.1176,0.1176,0.1255],"ix":4},"r":1,"o":{"a":0,"k":100,"ix":5}}],"ind":6,"parent":3},{"ty":4,"nm":"fire_log_extra","sr":1,"st":-5,"op":124,"ip":108,"hd":false,"ddd":0,"bm":0,"hasMask":false,"ao":0,"ks":{"a":{"a":0,"k":[170.546,35.641,0],"ix":1},"s":{"a":0,"k":[100,100,100],"ix":6},"sk":{"a":0,"k":0},"p":{"a":0,"k":[19.5,35.5,0],"ix":2},"r":{"a":0,"k":0,"ix":10},"sa":{"a":0,"k":0},"o":{"a":0,"k":100,"ix":11}},"ef":[],"shapes":[{"ty":"gr","bm":0,"hd":false,"mn":"ADBE Vector Group","nm":"Rectangle 1","ix":1,"cix":2,"np":4,"it":[{"ty":"gr","bm":0,"hd":false,"mn":"ADBE Vector Group","nm":"Group 1","ix":1,"cix":2,"np":1,"it":[{"ty":"sh","bm":0,"hd":false,"mn":"ADBE Vector Shape - Group","nm":"Path 1","ix":1,"d":1,"ks":{"a":0,"k":{"c":true,"i":[[-9.941,0],[0,0],[0,-9.941],[0,0],[9.941,0],[0,0],[0,9.941],[0,0]],"o":[[0,0],[9.941,0],[0,0],[0,9.941],[0,0],[-9.941,0],[0,0],[0,-9.941]],"v":[[109.546,-34.641],[152.454,-35.359],[170.454,-17.359],[170.454,17.359],[152.454,35.359],[109.546,36.077],[91.546,18.077],[91.546,-16.641]]},"ix":2}},{"ty":"tr","a":{"a":0,"k":[171.367,35.447],"ix":1},"s":{"a":1,"k":[{"o":{"x":0.48,"y":0.043},"i":{"x":0.52,"y":0.957},"s":[100,100],"t":111},{"s":[78,100],"t":125}],"ix":3},"sk":{"a":0,"k":0,"ix":4},"p":{"a":0,"k":[118.867,35.447],"ix":2},"r":{"a":0,"k":0,"ix":6},"sa":{"a":0,"k":0,"ix":5},"o":{"a":0,"k":100,"ix":7}}]},{"ty":"rd","bm":0,"hd":false,"mn":"ADBE Vector Filter - RC","nm":"Round Corners 1","ix":2,"r":{"a":0,"k":18,"ix":1}},{"ty":"st","bm":0,"hd":false,"mn":"ADBE Vector Graphic - Stroke","nm":"Stroke 1","lc":2,"lj":1,"ml":4,"o":{"a":0,"k":100,"ix":4},"w":{"a":0,"k":8,"ix":5},"c":{"a":0,"k":[1,1,1],"ix":3}},{"ty":"fl","bm":0,"hd":false,"mn":"ADBE Vector Graphic - Fill","nm":"Fill 1","c":{"a":0,"k":[0.1176,0.1176,0.1255],"ix":4},"r":1,"o":{"a":0,"k":100,"ix":5}},{"ty":"tr","a":{"a":0,"k":[123.707,0],"ix":1},"s":{"a":0,"k":[100,100],"ix":3},"sk":{"a":0,"k":0,"ix":4},"p":{"a":0,"k":[175.707,0],"ix":2},"r":{"a":0,"k":0,"ix":6},"sa":{"a":0,"k":0,"ix":5},"o":{"a":0,"k":100,"ix":7}}]}],"ind":7,"parent":6},{"ty":4,"nm":"fire_log_end_line_bounce","sr":1,"st":0,"op":143,"ip":106,"hd":false,"ddd":0,"bm":0,"hasMask":false,"ao":0,"ks":{"a":{"a":0,"k":[160,148,0],"ix":1},"s":{"a":0,"k":[100,100,100],"ix":6},"sk":{"a":0,"k":0},"p":{"a":0,"k":[160,148,0],"ix":2},"r":{"a":0,"k":-19,"ix":10},"sa":{"a":0,"k":0},"o":{"a":0,"k":100,"ix":11}},"ef":[],"shapes":[{"ty":"gr","bm":0,"hd":false,"mn":"ADBE Vector Group","nm":"Shape 3","ix":1,"cix":2,"np":1,"it":[{"ty":"sh","bm":0,"hd":false,"mn":"ADBE Vector Shape - Group","nm":"Path 1","ix":1,"d":1,"ks":{"a":0,"k":{"c":false,"i":[[16.379,28.771],[59.928,-48.11],[0,0]],"o":[[-16.475,-28.941],[8.164,-186.503],[0,0]],"v":[[242.804,153.244],[124.07,135.628],[-46.967,-61.813]]},"ix":2}},{"ty":"tr","a":{"a":0,"k":[0,0],"ix":1},"s":{"a":0,"k":[100,100],"ix":3},"sk":{"a":0,"k":0,"ix":4},"p":{"a":0,"k":[0,0],"ix":2},"r":{"a":0,"k":0,"ix":6},"sa":{"a":0,"k":0,"ix":5},"o":{"a":0,"k":100,"ix":7}}]},{"ty":"tm","bm":0,"hd":false,"mn":"ADBE Vector Filter - Trim","nm":"Trim Paths 1","ix":2,"e":{"a":1,"k":[{"o":{"x":0.48,"y":0.037},"i":{"x":0.52,"y":0.939},"s":[100],"t":105},{"o":{"x":0.48,"y":0.04},"i":{"x":0.52,"y":0.96},"s":[18],"t":129},{"s":[0],"t":133.599609375}],"ix":2},"o":{"a":0,"k":0,"ix":3},"s":{"a":1,"k":[{"o":{"x":0.48,"y":0.052},"i":{"x":0.52,"y":0.948},"s":[66],"t":105},{"s":[0],"t":129}],"ix":1},"m":1},{"ty":"st","bm":0,"hd":false,"mn":"ADBE Vector Graphic - Stroke","nm":"Stroke 1","lc":2,"lj":2,"ml":1,"o":{"a":0,"k":100,"ix":4},"w":{"a":0,"k":8,"ix":5},"c":{"a":0,"k":[1,1,1],"ix":3}}],"ind":8,"parent":3},{"ty":4,"nm":"axe_head 3","sr":1,"st":-453,"op":109,"ip":0,"hd":false,"ddd":0,"bm":0,"hasMask":false,"ao":0,"ks":{"a":{"a":0,"k":[9.413,-97.39,0],"ix":1},"s":{"a":0,"k":[100,100,100],"ix":6},"sk":{"a":0,"k":0},"p":{"a":1,"k":[{"o":{"x":0.42,"y":0},"i":{"x":0.58,"y":1},"s":[-11.712,-127.39,0],"t":45,"ti":[0,0,0],"to":[0,0,0]},{"o":{"x":0.42,"y":0},"i":{"x":0.58,"y":1},"s":[8.288,-133.64,0],"t":57,"ti":[0,0,0],"to":[0,0,0]},{"o":{"x":0.42,"y":0},"i":{"x":0.58,"y":1},"s":[-21.712,-123.64,0],"t":71,"ti":[0,0,0],"to":[0,0,0]},{"o":{"x":0.42,"y":0},"i":{"x":0.58,"y":1},"s":[-12.818,-127.666,0],"t":87,"ti":[0,0,0],"to":[0,0,0]},{"s":[-21.712,-123.64,0],"t":103}],"ix":2},"r":{"a":1,"k":[{"o":{"x":0.613,"y":0},"i":{"x":0.58,"y":1},"s":[0],"t":45},{"o":{"x":0.285,"y":0},"i":{"x":0.58,"y":1},"s":[8],"t":57},{"o":{"x":0.42,"y":0},"i":{"x":0.58,"y":1},"s":[-5],"t":71},{"o":{"x":0.42,"y":0},"i":{"x":0.58,"y":1},"s":[-0.5],"t":87},{"s":[-6],"t":103}],"ix":10},"sa":{"a":0,"k":0},"o":{"a":0,"k":100,"ix":11}},"ef":[],"shapes":[{"ty":"gr","bm":0,"hd":false,"mn":"ADBE Vector Group","nm":"Rectangle 1","ix":1,"cix":2,"np":4,"it":[{"ty":"gr","bm":0,"hd":false,"mn":"ADBE Vector Group","nm":"Group 1","ix":1,"cix":2,"np":1,"it":[{"ty":"sh","bm":0,"hd":false,"mn":"ADBE Vector Shape - Group","nm":"Path 1","ix":1,"d":1,"ks":{"a":0,"k":{"c":true,"i":[[-2.62,-30.292],[2.579,-7.372],[11.839,2.58],[24.974,1.447],[9.968,-0.513],[0.619,6.287],[-0.025,10.415],[-9.609,-0.339],[-24.275,4.67],[-11.457,4.859],[-7.178,-16.287]],"o":[[2.587,29.909],[-3.268,9.343],[-11.158,-2.432],[-31.31,-1.814],[-7.566,0.39],[-0.759,-7.719],[0.021,-8.691],[13.57,0.479],[25.727,-4.949],[12.552,-5.323],[5.608,12.725]],"v":[[122.64,-61.537],[112.043,10.269],[92.107,18.922],[21.417,9.154],[-61.472,9.838],[-72.879,-3.213],[-76.959,-81.832],[-59.001,-95.273],[10.302,-105.109],[81.038,-128.967],[105.99,-121.946]]},"ix":2}},{"ty":"tr","a":{"a":0,"k":[36.592,-48.517],"ix":1},"s":{"a":0,"k":[100,100],"ix":3},"sk":{"a":0,"k":0,"ix":4},"p":{"a":0,"k":[36.592,-48.517],"ix":2},"r":{"a":0,"k":0,"ix":6},"sa":{"a":0,"k":0,"ix":5},"o":{"a":0,"k":100,"ix":7}}]},{"ty":"st","bm":0,"hd":false,"mn":"ADBE Vector Graphic - Stroke","nm":"Stroke 1","lc":1,"lj":1,"ml":4,"o":{"a":0,"k":100,"ix":4},"w":{"a":0,"k":8,"ix":5},"c":{"a":0,"k":[1,1,1],"ix":3}},{"ty":"tr","a":{"a":0,"k":[0,0],"ix":1},"s":{"a":0,"k":[100,100],"ix":3},"sk":{"a":0,"k":0,"ix":4},"p":{"a":0,"k":[36.592,-48.507],"ix":2},"r":{"a":0,"k":0,"ix":6},"sa":{"a":0,"k":0,"ix":5},"o":{"a":0,"k":100,"ix":7}}]},{"ty":"fl","bm":0,"hd":false,"mn":"ADBE Vector Graphic - Fill","nm":"Fill 1","c":{"a":0,"k":[0.1176,0.1176,0.1255],"ix":4},"r":1,"o":{"a":0,"k":100,"ix":5}}],"ind":9,"parent":4},{"ty":4,"nm":"axe_dot 2","sr":1,"st":-291,"op":109,"ip":0,"hd":false,"ddd":0,"bm":0,"hasMask":false,"ao":0,"ks":{"a":{"a":0,"k":[0,0,0],"ix":1},"s":{"a":0,"k":[100,100,100],"ix":6},"sk":{"a":0,"k":0},"p":{"a":0,"k":[-3.014,34.213,0],"ix":2},"r":{"a":0,"k":90,"ix":10},"sa":{"a":0,"k":0},"o":{"a":0,"k":100,"ix":11}},"ef":[],"shapes":[{"ty":"gr","bm":0,"hd":false,"mn":"ADBE Vector Group","nm":"Ellipse 1","ix":1,"cix":2,"np":2,"it":[{"ty":"el","bm":0,"hd":false,"mn":"ADBE Vector Shape - Ellipse","nm":"Ellipse Path 1","d":1,"p":{"a":0,"k":[0,0],"ix":3},"s":{"a":0,"k":[22,22],"ix":2}},{"ty":"st","bm":0,"hd":false,"mn":"ADBE Vector Graphic - Stroke","nm":"Stroke 1","lc":1,"lj":1,"ml":4,"o":{"a":0,"k":100,"ix":4},"w":{"a":0,"k":8,"ix":5},"c":{"a":0,"k":[1,1,1],"ix":3}},{"ty":"tr","a":{"a":0,"k":[0,0],"ix":1},"s":{"a":0,"k":[100,100],"ix":3},"sk":{"a":0,"k":0,"ix":4},"p":{"a":0,"k":[0,0],"ix":2},"r":{"a":0,"k":0,"ix":6},"sa":{"a":0,"k":0,"ix":5},"o":{"a":0,"k":100,"ix":7}}]}],"ind":10,"parent":4},{"ty":4,"nm":"axe_handle","sr":1,"st":-314,"op":109,"ip":0,"hd":false,"ddd":0,"bm":0,"hasMask":false,"ao":0,"ks":{"a":{"a":0,"k":[0,0,0],"ix":1},"s":{"a":0,"k":[100,100,100],"ix":6},"sk":{"a":0,"k":0},"p":{"a":0,"k":[-85.544,-137.644,0],"ix":2},"r":{"a":0,"k":-0.367,"ix":10},"sa":{"a":0,"k":0},"o":{"a":0,"k":100,"ix":11}},"ef":[],"shapes":[{"ty":"gr","bm":0,"hd":false,"mn":"ADBE Vector Group","nm":"Rectangle 1","ix":1,"cix":2,"np":4,"it":[{"ty":"sh","bm":0,"hd":false,"mn":"ADBE Vector Shape - Group","nm":"Path 1","ix":1,"d":1,"ks":{"a":1,"k":[{"o":{"x":0.42,"y":0},"i":{"x":0.58,"y":1},"s":[{"c":true,"i":[[-9.941,0],[-7.73,0.805],[0,-9.941],[-3.445,-67.197],[-0.22,-5.766],[13.012,-0.345],[0,0],[-0.677,11.102],[0,4.366],[0,0]],"o":[[0,0],[7.73,-0.805],[0,0],[2.538,49.511],[0.519,13.591],[-13.012,0.345],[-5.575,0],[2.13,-34.953],[0,0],[0,-9.941]],"v":[[56.245,-61.499],[93.237,-64.906],[103.3,-51.968],[106.744,82.845],[115.715,191.301],[101.225,207.867],[64.425,208.026],[49.381,196.43],[50.366,46.048],[39.249,-48.492]]}],"t":45},{"o":{"x":0.42,"y":0},"i":{"x":0.58,"y":1},"s":[{"c":true,"i":[[-9.941,0],[-7.807,-0.466],[0,-9.941],[3.189,-70.558],[-0.22,-5.766],[13.012,-0.345],[0,0],[-0.677,11.102],[0,4.366],[0,0]],"o":[[0,0],[7.758,0.463],[0,0],[-2.239,49.525],[0.519,13.591],[-13.012,0.345],[-5.575,0],[2.13,-34.953],[0,0],[0,-9.941]],"v":[[86.941,-72.552],[123.276,-70.964],[133.34,-58.026],[117.985,84.167],[115.715,191.301],[101.225,207.868],[64.425,208.026],[49.381,196.43],[60.326,52.362],[69.636,-60.173]]}],"t":57},{"o":{"x":0.42,"y":0},"i":{"x":0.58,"y":1},"s":[{"c":true,"i":[[-8.946,2.257],[-8.098,1.531],[-2.232,-10.055],[-8.486,-75.915],[-0.22,-5.766],[13.012,-0.345],[0,0],[-0.677,11.102],[0,4.366],[0,0]],"o":[[0,0],[7.636,-1.444],[0,0],[5.578,49.896],[0.519,13.591],[-13.012,0.345],[-5.575,0],[2.13,-34.953],[0,0],[0,-9.941]],"v":[[41.519,-55.655],[81.35,-63.107],[90.468,-48.925],[104.893,79.083],[115.715,191.301],[101.225,207.868],[64.425,208.026],[49.381,196.43],[45.19,73.516],[25.781,-43.891]]}],"t":71},{"o":{"x":0.42,"y":0},"i":{"x":0.58,"y":1},"s":[{"c":true,"i":[[-8.946,2.257],[-8.199,0.836],[0.352,-9.821],[-8.486,-75.915],[-0.22,-5.766],[13.012,-0.345],[0,0],[-0.677,11.102],[0,4.366],[0,0]],"o":[[0,0],[9.297,-0.948],[0,0],[5.578,49.896],[0.519,13.591],[-13.012,0.345],[-5.575,0],[2.13,-34.953],[0,0],[0,-9.941]],"v":[[55.672,-61.336],[91.93,-65.669],[102.735,-49.96],[109.344,75.701],[115.715,191.301],[101.225,207.868],[64.425,208.026],[49.381,196.43],[47.891,76.235],[38.27,-47.605]]}],"t":87},{"s":[{"c":true,"i":[[-8.946,2.257],[-8.098,1.531],[-2.232,-10.055],[-8.486,-75.915],[-0.22,-5.766],[13.012,-0.345],[0,0],[-0.677,11.102],[0,4.366],[0,0]],"o":[[0,0],[7.636,-1.444],[0,0],[5.578,49.896],[0.519,13.591],[-13.012,0.345],[-5.575,0],[2.13,-34.953],[0,0],[0,-9.941]],"v":[[35.811,-53.109],[76.554,-62.199],[85.672,-48.017],[104.893,79.083],[115.715,191.301],[101.225,207.868],[64.425,208.026],[49.381,196.43],[42.759,77.885],[20.073,-41.345]]}],"t":103}],"ix":2}},{"ty":"rd","bm":0,"hd":false,"mn":"ADBE Vector Filter - RC","nm":"Round Corners 1","ix":2,"r":{"a":0,"k":18,"ix":1}},{"ty":"st","bm":0,"hd":false,"mn":"ADBE Vector Graphic - Stroke","nm":"Stroke 1","lc":2,"lj":1,"ml":4,"o":{"a":0,"k":100,"ix":4},"w":{"a":0,"k":8,"ix":5},"c":{"a":0,"k":[1,1,1],"ix":3}},{"ty":"fl","bm":0,"hd":false,"mn":"ADBE Vector Graphic - Fill","nm":"Fill 1","c":{"a":0,"k":[0.1176,0.1176,0.1255],"ix":4},"r":1,"o":{"a":0,"k":100,"ix":5}},{"ty":"tr","a":{"a":0,"k":[0,0],"ix":1},"s":{"a":0,"k":[100,100],"ix":3},"sk":{"a":0,"k":0,"ix":4},"p":{"a":0,"k":[0,0],"ix":2},"r":{"a":0,"k":0,"ix":6},"sa":{"a":0,"k":0,"ix":5},"o":{"a":0,"k":100,"ix":7}}]}],"ind":11,"parent":4},{"ty":3,"nm":"fire_log_rotation","sr":1,"st":-17,"op":277,"ip":250,"hd":false,"ddd":0,"bm":0,"hasMask":false,"ao":0,"ks":{"a":{"a":0,"k":[0,0,0],"ix":1},"s":{"a":0,"k":[100,100,100],"ix":6},"sk":{"a":0,"k":0},"p":{"a":0,"k":[0,100,0],"ix":2},"r":{"a":1,"k":[{"o":{"x":0.809,"y":0.01},"i":{"x":0.746,"y":0.76},"s":[0],"t":254.857},{"s":[-90.367],"t":276}],"ix":10},"sa":{"a":0,"k":0},"o":{"a":0,"k":0,"ix":11}},"ef":[],"ind":12,"parent":25},{"ty":3,"nm":"fire_log_position","sr":1,"st":0,"op":367,"ip":48,"hd":false,"ddd":0,"bm":0,"hasMask":false,"ao":0,"ks":{"a":{"a":0,"k":[0,0,0],"ix":1},"s":{"a":0,"k":[100,100,100],"ix":6},"sk":{"a":0,"k":0},"p":{"a":1,"k":[{"o":{"x":0.42,"y":0},"i":{"x":0.58,"y":1},"s":[180,-100,0],"t":44,"ti":[30.407,4.649,0],"to":[-30,0,0]},{"h":1,"s":[0,-100,0],"t":67},{"o":{"x":0.42,"y":0},"i":{"x":0.58,"y":1},"s":[0,-100,0],"t":245,"ti":[0,0,0],"to":[0,0,0]},{"s":[0,-115,0],"t":249}],"ix":2},"r":{"a":0,"k":0,"ix":10},"sa":{"a":0,"k":0},"o":{"a":0,"k":0,"ix":11}},"ef":[],"ind":13,"parent":12},{"ty":4,"nm":"fire_log_end","sr":1,"st":0,"op":367,"ip":48,"hd":false,"ddd":0,"bm":0,"hasMask":false,"ao":0,"ks":{"a":{"a":0,"k":[0,0,0],"ix":1},"s":{"a":0,"k":[100,100,100],"ix":6},"sk":{"a":0,"k":0},"p":{"a":1,"k":[{"o":{"x":0.167,"y":0.167},"i":{"x":0.833,"y":0.833},"s":[141.5,115.5,0],"t":108,"ti":[7,0,0],"to":[-7,0,0]},{"s":[99.5,115.5,0],"t":109}],"ix":2},"r":{"a":0,"k":0,"ix":10},"sa":{"a":0,"k":0},"o":{"a":0,"k":100,"ix":11}},"ef":[],"shapes":[{"ty":"gr","bm":0,"hd":false,"mn":"ADBE Vector Group","nm":"Rectangle 2","ix":1,"cix":2,"np":3,"it":[{"ty":"sh","bm":0,"hd":false,"mn":"ADBE Vector Shape - Group","nm":"Path 1","ix":1,"d":1,"ks":{"a":0,"k":{"c":true,"i":[[-9.941,0],[0,0],[0,-9.941],[0,0],[9.941,0],[0,0],[0,9.941],[0,0]],"o":[[0,0],[9.941,0],[0,0],[0,9.941],[0,0],[-9.941,0],[0,0],[0,-9.941]],"v":[[-1.5,-35.5],[1.5,-35.5],[19.5,-17.5],[19.5,17.5],[1.5,35.5],[-1.5,35.5],[-19.5,17.5],[-19.5,-17.5]]},"ix":2}},{"ty":"rd","bm":0,"hd":false,"mn":"ADBE Vector Filter - RC","nm":"Round Corners 1","ix":2,"r":{"a":0,"k":18,"ix":1}},{"ty":"st","bm":0,"hd":false,"mn":"ADBE Vector Graphic - Stroke","nm":"Stroke 1","lc":2,"lj":1,"ml":4,"o":{"a":0,"k":100,"ix":4},"w":{"a":0,"k":8,"ix":5},"c":{"a":0,"k":[1,1,1],"ix":3}},{"ty":"tr","a":{"a":0,"k":[0,0],"ix":1},"s":{"a":0,"k":[100,100],"ix":3},"sk":{"a":0,"k":0,"ix":4},"p":{"a":0,"k":[0,0],"ix":2},"r":{"a":0,"k":0,"ix":6},"sa":{"a":0,"k":0,"ix":5},"o":{"a":0,"k":100,"ix":7}}]},{"ty":"tm","bm":0,"hd":false,"mn":"ADBE Vector Filter - Trim","nm":"Trim Paths 1","ix":2,"e":{"a":0,"k":100,"ix":2},"o":{"a":0,"k":0,"ix":3},"s":{"a":1,"k":[{"o":{"x":0.167,"y":0.167},"i":{"x":0.833,"y":0.833},"s":[0],"t":233},{"o":{"x":0.42,"y":0},"i":{"x":0.58,"y":1},"s":[60],"t":234},{"s":[100],"t":244}],"ix":1},"m":1}],"ind":14,"parent":13},{"ty":4,"nm":"fire_log_line_right","sr":1,"st":0,"op":367,"ip":48,"hd":false,"ddd":0,"bm":0,"hasMask":false,"ao":0,"ks":{"a":{"a":0,"k":[0,0,0],"ix":1},"s":{"a":0,"k":[100,100,100],"ix":6},"sk":{"a":0,"k":0},"p":{"a":0,"k":[22,123.5,0],"ix":2},"r":{"a":0,"k":0,"ix":10},"sa":{"a":0,"k":0},"o":{"a":0,"k":100,"ix":11}},"ef":[],"shapes":[{"ty":"gr","bm":0,"hd":false,"mn":"ADBE Vector Group","nm":"Vector 4","ix":1,"cix":2,"np":2,"it":[{"ty":"sh","bm":0,"hd":false,"mn":"ADBE Vector Shape - Group","nm":"Path 1","ix":1,"d":1,"ks":{"a":0,"k":{"c":false,"i":[[0,0],[0,0],[-13.03,2.812],[0,0]],"o":[[0,0],[13.33,0],[0,0],[0,0]],"v":[[-58,3.5],[5.506,3.5],[45.159,-0.729],[58,-3.5]]},"ix":2}},{"ty":"st","bm":0,"hd":false,"mn":"ADBE Vector Graphic - Stroke","nm":"Stroke 1","lc":2,"lj":1,"ml":4,"o":{"a":0,"k":100,"ix":4},"w":{"a":0,"k":8,"ix":5},"c":{"a":0,"k":[1,1,1],"ix":3}},{"ty":"tr","a":{"a":0,"k":[0,0],"ix":1},"s":{"a":0,"k":[100,100],"ix":3},"sk":{"a":0,"k":0,"ix":4},"p":{"a":0,"k":[0,0],"ix":2},"r":{"a":0,"k":0,"ix":6},"sa":{"a":0,"k":0,"ix":5},"o":{"a":0,"k":100,"ix":7}}]},{"ty":"tm","bm":0,"hd":false,"mn":"ADBE Vector Filter - Trim","nm":"Trim Paths 1","ix":2,"e":{"a":0,"k":100,"ix":2},"o":{"a":0,"k":0,"ix":3},"s":{"a":1,"k":[{"o":{"x":0.42,"y":0},"i":{"x":0.58,"y":1},"s":[0],"t":234},{"s":[100],"t":244}],"ix":1},"m":1}],"ind":15,"parent":13},{"ty":4,"nm":"fire_log_line_left","sr":1,"st":0,"op":367,"ip":48,"hd":false,"ddd":0,"bm":0,"hasMask":false,"ao":0,"ks":{"a":{"a":0,"k":[0,0,0],"ix":1},"s":{"a":0,"k":[100,100,100],"ix":6},"sk":{"a":0,"k":0},"p":{"a":0,"k":[-71.246,110.088,0],"ix":2},"r":{"a":0,"k":0,"ix":10},"sa":{"a":0,"k":0},"o":{"a":0,"k":100,"ix":11}},"ef":[],"shapes":[{"ty":"gr","bm":0,"hd":false,"mn":"ADBE Vector Group","nm":"Vector 3","ix":1,"cix":2,"np":2,"it":[{"ty":"sh","bm":0,"hd":false,"mn":"ADBE Vector Shape - Group","nm":"Path 1","ix":1,"d":1,"ks":{"a":0,"k":{"c":false,"i":[[0,0],[0,0],[5.353,-3.002],[11.871,0],[0,0]],"o":[[0,0],[-6.137,0],[-10.354,5.806],[0,0],[0,0]],"v":[[43,-6.717],[20.606,-6.717],[3.081,-2.139],[-30.817,6.717],[-43,6.717]]},"ix":2}},{"ty":"st","bm":0,"hd":false,"mn":"ADBE Vector Graphic - Stroke","nm":"Stroke 1","lc":2,"lj":1,"ml":4,"o":{"a":0,"k":100,"ix":4},"w":{"a":0,"k":8,"ix":5},"c":{"a":0,"k":[1,1,1],"ix":3}},{"ty":"tr","a":{"a":0,"k":[0,0],"ix":1},"s":{"a":0,"k":[100,100],"ix":3},"sk":{"a":0,"k":0,"ix":4},"p":{"a":0,"k":[0,0],"ix":2},"r":{"a":0,"k":0,"ix":6},"sa":{"a":0,"k":0,"ix":5},"o":{"a":0,"k":100,"ix":7}}]},{"ty":"tm","bm":0,"hd":false,"mn":"ADBE Vector Filter - Trim","nm":"Trim Paths 1","ix":2,"e":{"a":0,"k":100,"ix":2},"o":{"a":0,"k":0,"ix":3},"s":{"a":1,"k":[{"o":{"x":0.42,"y":0},"i":{"x":0.58,"y":1},"s":[0],"t":234},{"s":[100],"t":244}],"ix":1},"m":1}],"ind":16,"parent":13},{"ty":4,"nm":"axe_head 2","sr":1,"st":-17,"op":1183,"ip":434,"hd":false,"ddd":0,"bm":0,"hasMask":false,"ao":0,"ks":{"a":{"a":0,"k":[-38.587,-89.39,0],"ix":1},"s":{"a":0,"k":[100,100,100],"ix":6},"sk":{"a":0,"k":0},"p":{"a":1,"k":[{"o":{"x":0.42,"y":0},"i":{"x":0.58,"y":1},"s":[18.61,134.587,0],"t":427,"ti":[43.677,57.234,0],"to":[0,0,0]},{"o":{"x":0.427,"y":0},"i":{"x":0.589,"y":1},"s":[-19.614,-21.233,0],"t":439,"ti":[0.268,-15.596,0],"to":[-0.016,2.134,0]},{"s":[18.61,74.587,0],"t":462}],"ix":2},"r":{"a":0,"k":-90,"ix":10},"sa":{"a":0,"k":0},"o":{"a":0,"k":100,"ix":11}},"ef":[],"shapes":[{"ty":"gr","bm":0,"hd":false,"mn":"ADBE Vector Group","nm":"Rectangle 1","ix":1,"cix":2,"np":4,"it":[{"ty":"gr","bm":0,"hd":false,"mn":"ADBE Vector Group","nm":"Group 1","ix":1,"cix":2,"np":1,"it":[{"ty":"sh","bm":0,"hd":false,"mn":"ADBE Vector Shape - Group","nm":"Path 1","ix":1,"d":1,"ks":{"a":1,"k":[{"o":{"x":0.42,"y":0},"i":{"x":0.58,"y":1},"s":[{"c":true,"i":[[0,-14.996],[6.728,-9.75],[18.957,-0.027],[4.489,0.002],[19.634,0.413],[11.088,12.659],[0,15.259],[-10.619,10.9],[-15.261,0.081],[-17.211,-0.416],[-11.095,-12.979]],"o":[[0,12.742],[-10.912,15.815],[-18.957,0.027],[-4.489,-0.002],[-19.634,-0.413],[-9.322,-10.642],[0,-16.419],[10.988,-11.279],[15.261,-0.081],[17.211,0.416],[9.035,10.57]],"v":[[122.184,-48.507],[111.517,-14.192],[61.691,11.987],[37.702,11.987],[11.493,11.987],[-34.029,-8.666],[-49,-48.507],[-31.84,-90.717],[11.493,-109],[61.691,-109],[107.692,-87.793]]}],"t":438},{"s":[{"c":true,"i":[[-2.62,-30.292],[2.579,-7.372],[11.839,2.58],[24.974,1.447],[9.968,-0.513],[0.619,6.287],[-0.025,10.415],[-9.609,-0.339],[-24.275,4.67],[-11.457,4.859],[-7.178,-16.287]],"o":[[2.587,29.909],[-3.268,9.343],[-11.158,-2.432],[-31.31,-1.814],[-7.566,0.39],[-0.759,-7.719],[0.021,-8.691],[13.57,0.479],[25.727,-4.949],[12.552,-5.323],[5.608,12.725]],"v":[[122.64,-61.537],[112.043,10.269],[92.107,18.922],[21.417,9.154],[-61.472,9.838],[-72.879,-3.213],[-76.959,-81.832],[-59.001,-95.273],[10.302,-105.109],[81.038,-128.967],[105.99,-121.946]]}],"t":452}],"ix":2}},{"ty":"tr","a":{"a":0,"k":[36.592,-48.517],"ix":1},"s":{"a":1,"k":[{"o":{"x":0.42,"y":0},"i":{"x":0.58,"y":1},"s":[29,29],"t":427},{"s":[100,100],"t":439}],"ix":3},"sk":{"a":0,"k":0,"ix":4},"p":{"a":0,"k":[36.592,-48.517],"ix":2},"r":{"a":0,"k":0,"ix":6},"sa":{"a":0,"k":0,"ix":5},"o":{"a":0,"k":100,"ix":7}}]},{"ty":"st","bm":0,"hd":false,"mn":"ADBE Vector Graphic - Stroke","nm":"Stroke 1","lc":1,"lj":1,"ml":4,"o":{"a":0,"k":100,"ix":4},"w":{"a":0,"k":8,"ix":5},"c":{"a":0,"k":[1,1,1],"ix":3}},{"ty":"tr","a":{"a":0,"k":[0,0],"ix":1},"s":{"a":0,"k":[100,100],"ix":3},"sk":{"a":0,"k":0,"ix":4},"p":{"a":0,"k":[36.592,-48.507],"ix":2},"r":{"a":0,"k":0,"ix":6},"sa":{"a":0,"k":0,"ix":5},"o":{"a":0,"k":100,"ix":7}}]},{"ty":"fl","bm":0,"hd":false,"mn":"ADBE Vector Graphic - Fill","nm":"Fill 1","c":{"a":0,"k":[0.1176,0.1176,0.1255],"ix":4},"r":1,"o":{"a":0,"k":100,"ix":5}}],"ind":17,"parent":25},{"ty":4,"nm":"flashlight_dot_spin 2","sr":1,"st":24,"op":479,"ip":329,"hd":false,"ddd":0,"bm":0,"hasMask":false,"ao":0,"ks":{"a":{"a":0,"k":[0,0,0],"ix":1},"s":{"a":1,"k":[{"o":{"x":0.562,"y":0},"i":{"x":0.668,"y":1},"s":[100,100,100],"t":187},{"o":{"x":0.42,"y":0},"i":{"x":0.9,"y":0.09},"s":[188.939,188.939,100],"t":196},{"o":{"x":0.167,"y":0},"i":{"x":0.833,"y":1},"s":[100,100,100],"t":205},{"o":{"x":0.167,"y":0},"i":{"x":0.833,"y":1},"s":[100,100,100],"t":346},{"o":{"x":0.167,"y":0},"i":{"x":0.833,"y":1},"s":[66,66,100],"t":352},{"s":[100,100,100],"t":358}],"ix":6},"sk":{"a":0,"k":0},"p":{"a":1,"k":[{"o":{"x":0.42,"y":0},"i":{"x":0.833,"y":0.833},"s":[0,0,0],"t":315,"ti":[10.667,0,0],"to":[8.667,0,0]},{"h":1,"s":[52,0,0],"t":321},{"o":{"x":0.167,"y":0.167},"i":{"x":0.58,"y":1},"s":[-64,0,0],"t":323,"ti":[0,0,0],"to":[-8.667,0,0]},{"o":{"x":0.42,"y":0.42},"i":{"x":0.833,"y":0.833},"s":[0,0,0],"t":329,"ti":[0,0,0],"to":[0,0,0]},{"o":{"x":0.42,"y":0},"i":{"x":0.58,"y":1},"s":[0,0,0],"t":346,"ti":[0,0,0],"to":[0,0,0]},{"o":{"x":0.42,"y":0},"i":{"x":0.58,"y":1},"s":[0,16,0],"t":352,"ti":[0,0,0],"to":[0,0,0]},{"o":{"x":0.167,"y":0.167},"i":{"x":0.597,"y":0.597},"s":[0,0,0],"t":358,"ti":[0,0,0],"to":[0,0,0]},{"o":{"x":0.172,"y":0},"i":{"x":0.571,"y":0.761},"s":[0,0,0],"t":400,"ti":[-36.966,3.431,0],"to":[29.182,-2.708,0]},{"o":{"x":0.353,"y":0.397},"i":{"x":0.649,"y":0.672},"s":[192.869,-16.694,0],"t":419,"ti":[6.787,2.738,0],"to":[1.726,-0.16,0]},{"o":{"x":0.297,"y":0.217},"i":{"x":0.621,"y":1},"s":[178.561,-15.855,0],"t":422,"ti":[0.792,-0.027,0],"to":[-2.029,-0.818,0]},{"o":{"x":0.283,"y":0},"i":{"x":0.618,"y":1},"s":[172.213,-26.986,0],"t":424,"ti":[0,0,0],"to":[0,0,0]},{"o":{"x":0.294,"y":0},"i":{"x":0.63,"y":0.976},"s":[172.134,-50.382,0],"t":428,"ti":[0,0,0],"to":[0,0,0]},{"o":{"x":0.262,"y":0.169},"i":{"x":0.619,"y":0.9},"s":[173.883,5.248,0],"t":434,"ti":[0,0,0],"to":[0,0,0]},{"o":{"x":0.329,"y":0.092},"i":{"x":0.664,"y":1},"s":[172.213,-25.578,0],"t":467,"ti":[0,0,0],"to":[0,0,0]},{"s":[172.213,-15.986,0],"t":478}],"ix":2},"r":{"a":0,"k":0,"ix":10},"sa":{"a":0,"k":0},"o":{"a":0,"k":100,"ix":11}},"ef":[],"shapes":[{"ty":"gr","bm":0,"hd":false,"mn":"ADBE Vector Group","nm":"Ellipse 1","ix":1,"cix":2,"np":2,"it":[{"ty":"el","bm":0,"hd":false,"mn":"ADBE Vector Shape - Ellipse","nm":"Ellipse Path 1","d":1,"p":{"a":0,"k":[0,0],"ix":3},"s":{"a":0,"k":[22,22],"ix":2}},{"ty":"st","bm":0,"hd":false,"mn":"ADBE Vector Graphic - Stroke","nm":"Stroke 1","lc":1,"lj":1,"ml":4,"o":{"a":0,"k":100,"ix":4},"w":{"a":0,"k":8,"ix":5},"c":{"a":0,"k":[1,1,1],"ix":3}},{"ty":"tr","a":{"a":0,"k":[0,0],"ix":1},"s":{"a":0,"k":[100,100],"ix":3},"sk":{"a":0,"k":0,"ix":4},"p":{"a":0,"k":[0,0],"ix":2},"r":{"a":0,"k":0,"ix":6},"sa":{"a":0,"k":0,"ix":5},"o":{"a":0,"k":100,"ix":7}}]}],"ind":18,"parent":29},{"ty":4,"nm":"flashlight_dot_mask","sr":1,"st":0,"op":329,"ip":315,"hd":false,"ddd":0,"bm":0,"hasMask":false,"td":1,"ao":0,"ks":{"a":{"a":0,"k":[0,0,0],"ix":1},"s":{"a":0,"k":[125,125,100],"ix":6},"sk":{"a":0,"k":0},"p":{"a":0,"k":[-0.625,-33.393,0],"ix":2},"r":{"a":0,"k":0,"ix":10},"sa":{"a":0,"k":0},"o":{"a":0,"k":100,"ix":11}},"ef":[],"shapes":[{"ty":"gr","bm":0,"hd":false,"mn":"ADBE Vector Group","nm":"Rectangle 1","ix":1,"cix":2,"np":3,"it":[{"ty":"rc","bm":0,"hd":false,"mn":"ADBE Vector Shape - Rect","nm":"Rectangle Path 1","d":1,"p":{"a":0,"k":[0,0],"ix":3},"r":{"a":0,"k":0,"ix":4},"s":{"a":0,"k":[64.473,30.15],"ix":2}},{"ty":"fl","bm":0,"hd":false,"mn":"ADBE Vector Graphic - Fill","nm":"Fill 1","c":{"a":0,"k":[0.9529,0.5765,0.6431],"ix":4},"r":1,"o":{"a":0,"k":100,"ix":5}},{"ty":"tr","a":{"a":0,"k":[0,0],"ix":1},"s":{"a":0,"k":[100,100],"ix":3},"sk":{"a":0,"k":0,"ix":4},"p":{"a":0,"k":[-0.264,27.575],"ix":2},"r":{"a":0,"k":0,"ix":6},"sa":{"a":0,"k":0,"ix":5},"o":{"a":0,"k":100,"ix":7}}]}],"ind":19,"parent":29},{"ty":4,"nm":"flashlight_dot_spin","sr":1,"st":24,"op":329,"ip":315,"hd":false,"ddd":0,"bm":0,"tt":1,"hasMask":false,"ao":0,"ks":{"a":{"a":0,"k":[0,0,0],"ix":1},"s":{"a":1,"k":[{"o":{"x":0.562,"y":0},"i":{"x":0.668,"y":1},"s":[100,100,100],"t":187},{"o":{"x":0.42,"y":0},"i":{"x":0.9,"y":0.09},"s":[188.939,188.939,100],"t":196},{"o":{"x":0.167,"y":0},"i":{"x":0.833,"y":1},"s":[100,100,100],"t":205},{"o":{"x":0.167,"y":0},"i":{"x":0.833,"y":1},"s":[100,100,100],"t":346},{"o":{"x":0.167,"y":0},"i":{"x":0.833,"y":1},"s":[66,66,100],"t":352},{"s":[100,100,100],"t":358}],"ix":6},"sk":{"a":0,"k":0},"p":{"a":1,"k":[{"o":{"x":0.42,"y":0},"i":{"x":0.833,"y":0.833},"s":[0,0,0],"t":315,"ti":[10.667,0,0],"to":[8.667,0,0]},{"h":1,"s":[52,0,0],"t":321},{"o":{"x":0.167,"y":0.167},"i":{"x":0.58,"y":1},"s":[-64,0,0],"t":323,"ti":[0,0,0],"to":[-8.667,0,0]},{"o":{"x":0.42,"y":0.42},"i":{"x":0.833,"y":0.833},"s":[0,0,0],"t":329,"ti":[0,0,0],"to":[0,0,0]},{"o":{"x":0.42,"y":0},"i":{"x":0.58,"y":1},"s":[0,0,0],"t":346,"ti":[0,0,0],"to":[0,0,0]},{"o":{"x":0.42,"y":0},"i":{"x":0.58,"y":1},"s":[0,16,0],"t":352,"ti":[0,0,0],"to":[0,0,0]},{"o":{"x":0.167,"y":0.167},"i":{"x":0.597,"y":0.597},"s":[0,0,0],"t":358,"ti":[0,0,0],"to":[0,0,0]},{"o":{"x":0.172,"y":0},"i":{"x":0.571,"y":0.761},"s":[0,0,0],"t":400,"ti":[-36.966,3.431,0],"to":[29.182,-2.708,0]},{"o":{"x":0.353,"y":0.397},"i":{"x":0.649,"y":0.672},"s":[192.869,-16.694,0],"t":419,"ti":[6.787,2.738,0],"to":[1.726,-0.16,0]},{"o":{"x":0.297,"y":0.217},"i":{"x":0.621,"y":1},"s":[178.561,-15.855,0],"t":422,"ti":[0.792,-0.027,0],"to":[-2.029,-0.818,0]},{"o":{"x":0.283,"y":0},"i":{"x":0.618,"y":1},"s":[172.213,-26.986,0],"t":424,"ti":[0,0,0],"to":[0,0,0]},{"o":{"x":0.294,"y":0},"i":{"x":0.63,"y":0.976},"s":[172.134,-50.382,0],"t":428,"ti":[0,0,0],"to":[0,0,0]},{"o":{"x":0.262,"y":0.169},"i":{"x":0.619,"y":0.9},"s":[173.883,5.248,0],"t":434,"ti":[0,0,0],"to":[0,0,0]},{"o":{"x":0.329,"y":0.092},"i":{"x":0.664,"y":1},"s":[172.213,-25.578,0],"t":467,"ti":[0,0,0],"to":[0,0,0]},{"s":[172.213,-15.986,0],"t":478}],"ix":2},"r":{"a":0,"k":0,"ix":10},"sa":{"a":0,"k":0},"o":{"a":0,"k":100,"ix":11}},"ef":[],"shapes":[{"ty":"gr","bm":0,"hd":false,"mn":"ADBE Vector Group","nm":"Ellipse 1","ix":1,"cix":2,"np":2,"it":[{"ty":"el","bm":0,"hd":false,"mn":"ADBE Vector Shape - Ellipse","nm":"Ellipse Path 1","d":1,"p":{"a":0,"k":[0,0],"ix":3},"s":{"a":0,"k":[22,22],"ix":2}},{"ty":"st","bm":0,"hd":false,"mn":"ADBE Vector Graphic - Stroke","nm":"Stroke 1","lc":1,"lj":1,"ml":4,"o":{"a":0,"k":100,"ix":4},"w":{"a":0,"k":8,"ix":5},"c":{"a":0,"k":[1,1,1],"ix":3}},{"ty":"tr","a":{"a":0,"k":[0,0],"ix":1},"s":{"a":0,"k":[100,100],"ix":3},"sk":{"a":0,"k":0,"ix":4},"p":{"a":0,"k":[0,0],"ix":2},"r":{"a":0,"k":0,"ix":6},"sa":{"a":0,"k":0,"ix":5},"o":{"a":0,"k":100,"ix":7}}]}],"ind":20,"parent":29},{"ty":4,"nm":"flashlight_dot","sr":1,"st":24,"op":315,"ip":269,"hd":false,"ddd":0,"bm":0,"hasMask":false,"ao":0,"ks":{"a":{"a":0,"k":[0,0,0],"ix":1},"s":{"a":1,"k":[{"o":{"x":0.562,"y":0},"i":{"x":0.668,"y":1},"s":[100,100,100],"t":187},{"o":{"x":0.42,"y":0},"i":{"x":0.9,"y":0.09},"s":[188.939,188.939,100],"t":196},{"s":[100,100,100],"t":205}],"ix":6},"sk":{"a":0,"k":0},"p":{"a":1,"k":[{"o":{"x":0.42,"y":0},"i":{"x":0.833,"y":0.833},"s":[0,0,0],"t":315,"ti":[10.667,0,0],"to":[8.667,0,0]},{"h":1,"s":[52,0,0],"t":321},{"o":{"x":0.167,"y":0.167},"i":{"x":0.58,"y":1},"s":[-64,0,0],"t":326,"ti":[-10.667,0,0],"to":[-8.667,0,0]},{"s":[0,0,0],"t":333}],"ix":2},"r":{"a":0,"k":0,"ix":10},"sa":{"a":0,"k":0},"o":{"a":0,"k":100,"ix":11}},"ef":[],"shapes":[{"ty":"gr","bm":0,"hd":false,"mn":"ADBE Vector Group","nm":"Ellipse 1","ix":1,"cix":2,"np":2,"it":[{"ty":"el","bm":0,"hd":false,"mn":"ADBE Vector Shape - Ellipse","nm":"Ellipse Path 1","d":1,"p":{"a":0,"k":[0,0],"ix":3},"s":{"a":0,"k":[22,22],"ix":2}},{"ty":"st","bm":0,"hd":false,"mn":"ADBE Vector Graphic - Stroke","nm":"Stroke 1","lc":1,"lj":1,"ml":4,"o":{"a":0,"k":100,"ix":4},"w":{"a":0,"k":8,"ix":5},"c":{"a":0,"k":[1,1,1],"ix":3}},{"ty":"tr","a":{"a":0,"k":[0,0],"ix":1},"s":{"a":0,"k":[100,100],"ix":3},"sk":{"a":0,"k":0,"ix":4},"p":{"a":0,"k":[0,0],"ix":2},"r":{"a":0,"k":0,"ix":6},"sa":{"a":0,"k":0,"ix":5},"o":{"a":0,"k":100,"ix":7}}]}],"ind":21,"parent":29},{"ty":4,"nm":"log/flashlight/handle 2","sr":1,"st":0,"op":561,"ip":48,"hd":false,"ddd":0,"bm":0,"hasMask":false,"ao":0,"ks":{"a":{"a":0,"k":[0,0,0],"ix":1},"s":{"a":0,"k":[100,100,100],"ix":6},"sk":{"a":0,"k":0},"p":{"a":0,"k":[0.454,115.359,0],"ix":2},"r":{"a":0,"k":0,"ix":10},"sa":{"a":0,"k":0},"o":{"a":0,"k":100,"ix":11}},"ef":[],"shapes":[{"ty":"gr","bm":0,"hd":false,"mn":"ADBE Vector Group","nm":"Rectangle 1","ix":1,"cix":2,"np":4,"it":[{"ty":"sh","bm":0,"hd":false,"mn":"ADBE Vector Shape - Group","nm":"Path 1","ix":1,"d":1,"ks":{"a":1,"k":[{"o":{"x":0.167,"y":0.167},"i":{"x":0.833,"y":0.833},"s":[{"c":true,"i":[[-9.941,0],[0,0],[0,0],[0,-9.941],[0,0],[0,0],[9.941,0],[0,0],[0,0],[3.3,4.087],[0,4.279],[0,0]],"o":[[0,0],[0,0],[9.941,0],[0,0],[0,0],[0,9.941],[0,0],[0,0],[-5.662,0],[-2.494,-3.089],[0,0],[0,-9.941]],"v":[[-100.454,-35.359],[-64.999,-35.4],[141.454,-35.641],[159.454,-17.641],[159.454,4.316],[159.454,17.077],[141.454,35.077],[-50.495,35.301],[-100.454,35.359],[-114.467,28.658],[-118.454,17.359],[-118.454,-17.359]]}],"t":108},{"o":{"x":0.167,"y":0.167},"i":{"x":0.833,"y":0.833},"s":[{"c":true,"i":[[-9.941,0],[0,0],[0,0],[0,-9.941],[0,0],[0,0],[9.941,0],[0,0],[0,0],[3.3,4.087],[0,4.279],[0,0]],"o":[[0,0],[0,0],[9.941,0],[0,0],[0,0],[0,9.941],[0,0],[0,0],[-5.662,0],[-2.494,-3.089],[0,0],[0,-9.941]],"v":[[-100.454,-35.359],[-71.008,-35.359],[100.454,-35.359],[118.454,-17.359],[118.454,4.598],[118.454,17.359],[100.454,35.359],[-58.962,35.359],[-100.454,35.359],[-114.467,28.658],[-118.454,17.359],[-118.454,-17.359]]}],"t":109},{"o":{"x":0.42,"y":0},"i":{"x":0.58,"y":0.58},"s":[{"c":true,"i":[[-9.941,0],[-29.304,0],[0,0],[0,-9.941],[0,0],[0,0],[9.941,0],[28.75,0],[0,0],[3.3,4.087],[0,4.279],[0,0]],"o":[[0,0],[29.304,0],[9.941,0],[0,0],[0,0],[0,9.941],[0,0],[-30,0],[-5.662,0],[-2.494,-3.089],[0,0],[0,-9.941]],"v":[[-100.454,-35.359],[-43.508,-35.359],[100.454,-35.359],[118.454,-17.359],[118.454,4.598],[118.454,17.359],[100.454,35.359],[-41.704,35.359],[-100.454,35.359],[-114.467,28.658],[-118.454,17.359],[-118.454,-17.359]]}],"t":234},{"o":{"x":0.322,"y":0.322},"i":{"x":0.833,"y":0.833},"s":[{"c":true,"i":[[-10.307,-1.581],[-30.669,-6.605],[0,0],[0,-9.941],[0,0],[0,0],[12.836,2.738],[50.247,9.81],[0,0],[3.3,4.087],[0,4.279],[0,0]],"o":[[0,0],[29.97,6.455],[9.941,0],[0,0],[0,0],[-1.725,9.801],[0,0],[-31.679,-6.185],[-5.662,0],[-2.494,-3.089],[0,0],[1.755,-13.019]],"v":[[-86.697,-80.982],[-34.773,-70.014],[112.956,-47.232],[130.956,-29.232],[129.08,-4.151],[126.58,8.61],[108.58,26.61],[-50.702,1.706],[-92.947,-7.14],[-106.96,-13.841],[-110.947,-25.14],[-104.697,-61.732]]}],"t":255},{"o":{"x":0.167,"y":0.167},"i":{"x":0.833,"y":0.833},"s":[{"c":true,"i":[[-10.094,-0.663],[-24.266,0.113],[0,0],[0,-9.941],[0,0],[0,0],[11.155,1.148],[30.143,0.7],[0,0],[3.3,4.087],[0,4.279],[0,0]],"o":[[0,0],[29.55,-0.137],[9.941,0],[0,0],[0,0],[-0.723,9.882],[0,0],[-22.208,-0.516],[-5.662,0],[-2.494,-3.089],[0,0],[0.736,-11.232]],"v":[[-98.631,-36.901],[-54.375,-35.712],[102.063,-37.6],[120.063,-19.6],[120.128,0.66],[119.843,17.146],[101.843,35.146],[-56.752,37.131],[-99.278,35.038],[-113.291,28.336],[-117.278,17.038],[-116.631,-18.376]]}],"t":273},{"o":{"x":0.167,"y":0.167},"i":{"x":0.833,"y":0.833},"s":[{"c":true,"i":[[-10.094,-0.663],[-24.266,0.113],[0,0],[0,-9.941],[0,0],[0,0],[11.155,1.148],[30.143,0.7],[0,0],[3.3,4.087],[0,4.279],[0,0]],"o":[[0,0],[29.55,-0.137],[9.941,0],[0,0],[0,0],[-0.723,9.882],[0,0],[-22.208,-0.516],[-5.662,0],[-2.494,-3.089],[0,0],[0.736,-11.232]],"v":[[-98.631,-36.901],[-54.375,-35.712],[102.063,-37.6],[120.063,-19.6],[120.128,0.66],[119.843,17.146],[101.843,35.146],[-56.752,37.131],[-99.278,35.038],[-113.291,28.336],[-117.278,17.038],[-116.631,-18.376]]}],"t":277},{"o":{"x":0.666,"y":0.666},"i":{"x":0.833,"y":1},"s":[{"c":true,"i":[[-10.009,-0.295],[-20.371,0.872],[0,0],[0,-9.941],[0,0],[0,0],[10.481,0.51],[58.576,-5.248],[0,0],[3.3,4.087],[0,4.279],[0,0]],"o":[[0,0],[23.46,-1.004],[9.941,0],[0,0],[0,0],[-0.322,9.915],[0,0],[-29.63,2.655],[-5.662,0],[-2.494,-3.089],[0,0],[0.327,-10.515]],"v":[[-99.111,-21.665],[-61.808,-24.879],[101.169,-36.355],[119.169,-18.355],[119.851,-1.523],[120.95,16.651],[102.95,34.651],[-53.669,46.175],[-96.91,51.486],[-110.923,44.785],[-114.91,33.486],[-117.111,-3.432]]}],"t":282},{"o":{"x":0.541,"y":0},"i":{"x":0.406,"y":1},"s":[{"c":true,"i":[[-10.009,-0.295],[-20.371,0.872],[0,0],[0,-9.941],[0,0],[0,0],[10.481,0.51],[47.988,-1.681],[0,0],[3.3,4.087],[0,4.279],[0,0]],"o":[[0,0],[23.46,-1.004],[9.941,0],[0,0],[0,0],[-0.322,9.915],[0,0],[-30.216,1.058],[-5.662,0],[-2.494,-3.089],[0,0],[0.327,-10.515]],"v":[[-99.684,-29.794],[-61.143,-31.125],[101.169,-36.355],[119.169,-18.355],[119.218,-0.277],[118.438,18.51],[100.438,36.51],[-51.762,41.187],[-99.35,42.095],[-113.363,35.394],[-117.35,24.095],[-117.684,-11.561]]}],"t":286},{"o":{"x":0.547,"y":0},"i":{"x":0.406,"y":1},"s":[{"c":true,"i":[[-9.963,-0.094],[-13.166,-0.247],[0,0],[0,-9.941],[0,0],[0,0],[3.361,0.456],[15.389,-0.539],[0,0],[3.112,3.232],[0,4.279],[0,0]],"o":[[0,0],[19.033,0.358],[3.488,0.101],[0,0],[0,0],[-0.103,9.933],[0,0],[-9.69,0.339],[-5.662,0],[-2.352,-2.443],[0,0],[0.105,-10.125]],"v":[[-56.688,-43.637],[-32.326,-43.213],[106.543,-39.038],[112.315,-17.727],[112.223,2.971],[111.911,17.657],[106.116,39.161],[-20.889,35.911],[-56.349,35.019],[-69.948,28.916],[-73.668,18.83],[-73.7,-28.015]]}],"t":293},{"o":{"x":0.176,"y":0.176},"i":{"x":0.833,"y":0.833},"s":[{"c":true,"i":[[-9.941,0],[0,0],[0,0],[0,-9.941],[0,0],[0,0],[0,0.431],[0,0],[0,0],[3.023,2.829],[0,4.279],[0,0]],"o":[[0,0],[0,0],[0.442,0.148],[0,0],[0,0],[0,9.941],[0,0],[0,0],[-5.662,0],[-2.285,-2.138],[0,0],[0,-9.941]],"v":[[-8.398,-39.412],[8.82,-39.543],[109.08,-40.304],[109.079,-17.43],[108.921,4.505],[108.829,17.254],[108.797,40.413],[15.718,40.923],[-8.508,41.055],[-21.923,37.075],[-25.517,27.562],[-25.394,-26.406]]}],"t":300},{"o":{"x":0.42,"y":0},"i":{"x":0.58,"y":1},"s":[{"c":true,"i":[[-9.941,0],[0,0],[0,0],[0,-9.941],[0,0],[0,0],[0,0.431],[0,0],[0,0],[3.023,2.829],[0,4.279],[0,0]],"o":[[0,0],[0,0],[0.442,0.148],[0,0],[0,0],[0,9.941],[0,0],[0,0],[-5.662,0],[-2.285,-2.138],[0,0],[0,-9.941]],"v":[[-8.398,-39.412],[8.82,-39.543],[109.08,-40.304],[109.079,-17.43],[108.921,4.505],[108.829,17.254],[108.797,40.413],[15.718,40.923],[-8.508,41.055],[-21.923,37.075],[-25.517,27.562],[-25.394,-26.406]]}],"t":400},{"o":{"x":0.42,"y":0},"i":{"x":0.58,"y":1},"s":[{"c":true,"i":[[-9.941,0],[-2.711,0.241],[-5.851,0.61],[0,-9.941],[-3.437,-67.046],[-0.22,-5.753],[12.983,-0.344],[7.812,0.033],[0,0],[-0.668,11.084],[2.206,23.854],[0,0]],"o":[[0,0],[8.525,-0.757],[7.713,-0.803],[0,0],[2.533,49.399],[0.518,13.583],[-9.186,0.244],[-3.229,-0.014],[-5.575,0],[2.12,-34.879],[-2.206,-23.854],[0,-9.941]],"v":[[56.099,-61.449],[60.525,-61.841],[93.272,-64.851],[103.313,-51.89],[106.748,82.668],[115.965,210.867],[101.507,227.448],[69.807,227.637],[64.526,227.607],[49.486,216.029],[50.195,46.007],[39.103,-48.443]]}],"t":413},{"o":{"x":0.42,"y":0},"i":{"x":0.58,"y":1},"s":[{"c":true,"i":[[-9.941,0],[-2.694,0.241],[-5.865,0.611],[0,-9.941],[-3.445,-67.197],[-0.22,-5.766],[13.012,-0.345],[7.753,0.034],[0,0],[-0.677,11.102],[0.317,18.15],[0,0]],"o":[[0,0],[8.47,-0.758],[7.73,-0.805],[0,0],[2.538,49.511],[0.519,13.591],[-9.207,0.244],[-3.204,-0.014],[-5.575,0],[2.13,-34.953],[-0.317,-18.15],[0,-9.941]],"v":[[56.245,-61.499],[60.642,-61.891],[93.237,-64.906],[103.3,-51.968],[106.744,82.845],[115.715,191.301],[101.225,207.867],[69.663,208.056],[64.425,208.026],[49.381,196.43],[50.366,46.048],[39.249,-48.492]]}],"t":422},{"o":{"x":0.42,"y":0},"i":{"x":0.58,"y":1},"s":[{"c":true,"i":[[-5.18,1.122],[-4.521,0.663],[-5.865,0.611],[0,-9.941],[-10.772,-57.262],[-1.058,-5.672],[9.972,-2.306],[7.349,-2.47],[0,0],[2.621,11.832],[4.423,31.378],[0,0]],"o":[[3.128,-0.678],[6.533,-0.958],[7.73,-0.805],[0,0],[9.298,49.429],[1.74,9.327],[-8.974,2.075],[-2.998,1.007],[-5.196,2.042],[-6.819,-30.786],[-2.888,-20.492],[0,-9.941]],"v":[[55.419,-58.449],[67.548,-60.91],[92.494,-64.379],[105.324,-53.469],[120.711,71.227],[152.44,184.205],[145.638,206.191],[109.425,215.429],[104.32,216.652],[89.276,205.056],[62.898,58.71],[41.859,-46.665]]}],"t":428},{"o":{"x":0.42,"y":0},"i":{"x":0.58,"y":1},"s":[{"c":true,"i":[[-6.161,0.283],[-4.565,0.194],[-5.89,0.281],[0,-9.941],[2.146,-49.902],[0.544,-5.744],[10.739,1.235],[7.217,0.656],[0,0],[-1.544,10.769],[-0.196,31.688],[0,0]],"o":[[3.198,-0.147],[7.009,-0.298],[6.566,-0.314],[0,0],[-2.161,50.249],[-1.181,12.464],[-10.388,-1.194],[-3.15,-0.286],[-6.303,-0.651],[4.83,-33.694],[0.134,-21.653],[0,-9.941]],"v":[[50.953,-60.563],[67.351,-61.878],[90.968,-62.958],[101.196,-53.434],[97.103,60.308],[91.782,195.366],[80.915,218.434],[48.198,214.654],[39.091,213.315],[25.282,200.106],[41.64,54.373],[37.394,-48.78]]}],"t":434},{"o":{"x":0.42,"y":0},"i":{"x":0.58,"y":1},"s":[{"c":true,"i":[[-6.161,0.283],[-4.565,0.194],[-5.89,0.281],[0,-9.941],[0.648,-47.249],[0.544,-5.744],[10.797,0.538],[7.184,0.968],[0,0],[-1.148,10.818],[-0.196,31.688],[0,0]],"o":[[3.198,-0.147],[7.009,-0.298],[6.566,-0.314],[0,0],[-0.689,50.291],[-1.181,12.465],[-10.957,-0.546],[-3.134,-0.422],[-6.303,-0.651],[3.422,-32.248],[0.134,-21.653],[0,-9.941]],"v":[[50.953,-60.563],[67.351,-61.878],[90.968,-62.958],[101.196,-53.434],[101.319,61.634],[103.19,192.235],[92.48,212.225],[60.636,210.457],[47.542,208.906],[36.256,196.144],[45.856,55.698],[37.273,-47.659]]}],"t":444},{"o":{"x":0.42,"y":0},"i":{"x":0.58,"y":1},"s":[{"c":true,"i":[[-6.161,0.283],[-4.549,0.427],[-5.89,0.281],[0,-9.941],[0.648,-47.249],[-0.147,-6.969],[10.809,-0.146],[6.543,-0.234],[0,0],[-1.148,10.818],[-0.196,31.688],[0,0]],"o":[[3.198,-0.147],[6.4,-0.601],[6.566,-0.314],[0,0],[-0.689,50.291],[0.264,12.517],[-11.316,0.153],[-3.161,0.113],[-6.303,-0.651],[3.422,-32.248],[0.134,-21.653],[0,-9.941]],"v":[[53.309,-60.899],[67.513,-62.482],[91.456,-64.768],[103.796,-54.674],[107.066,58.329],[117.27,189.237],[107.349,207.497],[75.377,208.608],[61.875,208.565],[49.406,194.189],[51.033,54.505],[39.629,-47.995]]}],"t":456},{"o":{"x":0.42,"y":0},"i":{"x":0.58,"y":1},"s":[{"c":true,"i":[[-6.161,0.283],[-4.549,0.427],[-5.89,0.281],[0,-9.941],[-3.65,-47.363],[-0.147,-6.969],[10.769,-0.941],[6.516,-0.645],[0,0],[0.123,10.878],[1.098,31.669],[0,0]],"o":[[3.198,-0.147],[6.4,-0.601],[6.566,-0.314],[0,0],[3.865,50.147],[0.264,12.518],[-11.392,0.995],[-4.083,0.404],[-6.303,-0.651],[-0.411,-36.253],[-0.926,-26.697],[0,-9.941]],"v":[[53.309,-60.899],[67.513,-62.482],[91.456,-64.768],[103.796,-54.674],[110.357,57.626],[127.029,189.645],[117.109,207.906],[86.724,209.923],[71.498,210.694],[60.503,194.193],[54.632,53.855],[39.629,-47.995]]}],"t":467},{"s":[{"c":true,"i":[[-9.941,0],[-2.694,0.241],[-5.865,0.611],[0,-9.941],[-3.445,-67.197],[-0.22,-5.766],[13.012,-0.345],[7.753,0.034],[0,0],[-0.677,11.102],[0.317,18.15],[0,0]],"o":[[0,0],[8.47,-0.758],[7.73,-0.805],[0,0],[2.538,49.511],[0.519,13.591],[-9.207,0.244],[-3.204,-0.014],[-5.575,0],[2.13,-34.953],[-0.317,-18.15],[0,-9.941]],"v":[[56.245,-61.499],[60.642,-61.891],[93.237,-64.906],[103.3,-51.968],[106.744,82.845],[115.715,191.301],[101.225,207.867],[69.663,208.056],[64.425,208.026],[49.381,196.43],[50.366,46.048],[39.249,-48.492]]}],"t":478}],"ix":2}},{"ty":"rd","bm":0,"hd":false,"mn":"ADBE Vector Filter - RC","nm":"Round Corners 1","ix":2,"r":{"a":0,"k":18,"ix":1}},{"ty":"st","bm":0,"hd":false,"mn":"ADBE Vector Graphic - Stroke","nm":"Stroke 1","lc":2,"lj":1,"ml":4,"o":{"a":0,"k":100,"ix":4},"w":{"a":0,"k":8,"ix":5},"c":{"a":0,"k":[1,1,1],"ix":3}},{"ty":"fl","bm":0,"hd":false,"mn":"ADBE Vector Graphic - Fill","nm":"Fill 1","c":{"a":0,"k":[0.1176,0.1176,0.1255],"ix":4},"r":1,"o":{"a":0,"k":100,"ix":5}},{"ty":"tr","a":{"a":0,"k":[0,0],"ix":1},"s":{"a":0,"k":[100,100],"ix":3},"sk":{"a":0,"k":0,"ix":4},"p":{"a":0,"k":[0,0],"ix":2},"r":{"a":0,"k":0,"ix":6},"sa":{"a":0,"k":0,"ix":5},"o":{"a":0,"k":100,"ix":7}}]}],"ind":22,"parent":13},{"ty":4,"nm":"axe_head","sr":1,"st":-17,"op":434,"ip":427,"hd":false,"ddd":0,"bm":0,"hasMask":false,"ao":0,"ks":{"a":{"a":0,"k":[-38.587,-89.39,0],"ix":1},"s":{"a":0,"k":[100,100,100],"ix":6},"sk":{"a":0,"k":0},"p":{"a":1,"k":[{"o":{"x":0.42,"y":0},"i":{"x":0.58,"y":1},"s":[18.61,134.587,0],"t":427,"ti":[43.677,57.234,0],"to":[0,0,0]},{"o":{"x":0.427,"y":0},"i":{"x":0.589,"y":1},"s":[-19.614,-21.233,0],"t":439,"ti":[0.268,-15.596,0],"to":[-0.016,2.134,0]},{"s":[18.61,74.587,0],"t":462}],"ix":2},"r":{"a":0,"k":-90,"ix":10},"sa":{"a":0,"k":0},"o":{"a":0,"k":100,"ix":11}},"ef":[],"shapes":[{"ty":"gr","bm":0,"hd":false,"mn":"ADBE Vector Group","nm":"Rectangle 1","ix":1,"cix":2,"np":4,"it":[{"ty":"gr","bm":0,"hd":false,"mn":"ADBE Vector Group","nm":"Group 1","ix":1,"cix":2,"np":1,"it":[{"ty":"sh","bm":0,"hd":false,"mn":"ADBE Vector Shape - Group","nm":"Path 1","ix":1,"d":1,"ks":{"a":1,"k":[{"o":{"x":0.42,"y":0},"i":{"x":0.58,"y":1},"s":[{"c":true,"i":[[0,-14.996],[6.728,-9.75],[18.957,-0.027],[4.489,0.002],[19.634,0.413],[11.088,12.659],[0,15.259],[-10.619,10.9],[-15.261,0.081],[-17.211,-0.416],[-11.095,-12.979]],"o":[[0,12.742],[-10.912,15.815],[-18.957,0.027],[-4.489,-0.002],[-19.634,-0.413],[-9.322,-10.642],[0,-16.419],[10.988,-11.279],[15.261,-0.081],[17.211,0.416],[9.035,10.57]],"v":[[122.184,-48.507],[111.517,-14.192],[61.691,11.987],[37.702,11.987],[11.493,11.987],[-34.029,-8.666],[-49,-48.507],[-31.84,-90.717],[11.493,-109],[61.691,-109],[107.692,-87.793]]}],"t":438},{"s":[{"c":true,"i":[[-2.62,-30.292],[2.579,-7.372],[11.839,2.58],[24.974,1.447],[9.968,-0.513],[0.619,6.287],[-0.025,10.415],[-9.609,-0.339],[-24.275,4.67],[-11.457,4.859],[-7.178,-16.287]],"o":[[2.587,29.909],[-3.268,9.343],[-11.158,-2.432],[-31.31,-1.814],[-7.566,0.39],[-0.759,-7.719],[0.021,-8.691],[13.57,0.479],[25.727,-4.949],[12.552,-5.323],[5.608,12.725]],"v":[[122.64,-61.537],[112.043,10.269],[92.107,18.922],[21.417,9.154],[-61.472,9.838],[-72.879,-3.213],[-76.959,-81.832],[-59.001,-95.273],[10.302,-105.109],[81.038,-128.967],[105.99,-121.946]]}],"t":452}],"ix":2}},{"ty":"tr","a":{"a":0,"k":[36.592,-48.517],"ix":1},"s":{"a":1,"k":[{"o":{"x":0.42,"y":0},"i":{"x":0.58,"y":1},"s":[29,29],"t":427},{"s":[100,100],"t":439}],"ix":3},"sk":{"a":0,"k":0,"ix":4},"p":{"a":0,"k":[36.592,-48.517],"ix":2},"r":{"a":0,"k":0,"ix":6},"sa":{"a":0,"k":0,"ix":5},"o":{"a":0,"k":100,"ix":7}}]},{"ty":"st","bm":0,"hd":false,"mn":"ADBE Vector Graphic - Stroke","nm":"Stroke 1","lc":1,"lj":1,"ml":4,"o":{"a":0,"k":100,"ix":4},"w":{"a":0,"k":8,"ix":5},"c":{"a":0,"k":[1,1,1],"ix":3}},{"ty":"tr","a":{"a":0,"k":[0,0],"ix":1},"s":{"a":0,"k":[100,100],"ix":3},"sk":{"a":0,"k":0,"ix":4},"p":{"a":0,"k":[36.592,-48.507],"ix":2},"r":{"a":0,"k":0,"ix":6},"sa":{"a":0,"k":0,"ix":5},"o":{"a":0,"k":100,"ix":7}}]},{"ty":"fl","bm":0,"hd":false,"mn":"ADBE Vector Graphic - Fill","nm":"Fill 1","c":{"a":0,"k":[0.1176,0.1176,0.1255],"ix":4},"r":1,"o":{"a":0,"k":100,"ix":5}}],"ind":23,"parent":25},{"ty":4,"nm":"lights","sr":1,"st":144,"op":444,"ip":360,"hd":false,"ddd":0,"bm":0,"hasMask":false,"ao":0,"ks":{"a":{"a":0,"k":[0,0,0],"ix":1},"s":{"a":0,"k":[100,100,100],"ix":6},"sk":{"a":0,"k":0},"p":{"a":0,"k":[-0.25,-222.25,0],"ix":2},"r":{"a":0,"k":0,"ix":10},"sa":{"a":0,"k":0},"o":{"a":0,"k":100,"ix":11}},"ef":[],"shapes":[{"ty":"gr","bm":0,"hd":false,"mn":"ADBE Vector Group","nm":"lights","ix":1,"cix":2,"np":5,"it":[{"ty":"gr","bm":0,"hd":false,"mn":"ADBE Vector Group","nm":"Group 1","ix":1,"cix":2,"np":2,"it":[{"ty":"sh","bm":0,"hd":false,"mn":"ADBE Vector Shape - Group","nm":"Path 1","ix":1,"d":1,"ks":{"a":0,"k":{"c":false,"i":[[0,0],[0,0]],"o":[[0,0],[0,0]],"v":[[120.75,-35.25],[40.551,72.25]]},"ix":2}},{"ty":"tm","bm":0,"hd":false,"mn":"ADBE Vector Filter - Trim","nm":"Trim Paths 1","ix":2,"e":{"a":1,"k":[{"o":{"x":0.42,"y":0},"i":{"x":0.58,"y":1},"s":[100],"t":371.25},{"s":[0],"t":390}],"ix":2},"o":{"a":0,"k":0,"ix":3},"s":{"a":1,"k":[{"o":{"x":0.42,"y":0},"i":{"x":0.58,"y":1},"s":[100],"t":360},{"s":[0],"t":380.625}],"ix":1},"m":1},{"ty":"tr","a":{"a":0,"k":[80.651,18.5],"ix":1},"s":{"a":0,"k":[100,100],"ix":3},"sk":{"a":0,"k":0,"ix":4},"p":{"a":0,"k":[80.651,18.5],"ix":2},"r":{"a":0,"k":0,"ix":6},"sa":{"a":0,"k":0,"ix":5},"o":{"a":0,"k":100,"ix":7}}]},{"ty":"gr","bm":0,"hd":false,"mn":"ADBE Vector Group","nm":"Group 2","ix":2,"cix":2,"np":2,"it":[{"ty":"sh","bm":0,"hd":false,"mn":"ADBE Vector Shape - Group","nm":"Path 2","ix":1,"d":1,"ks":{"a":0,"k":{"c":false,"i":[[0,0],[0,0]],"o":[[0,0],[0,0]],"v":[[-120.75,-35.25],[-40.051,72.25]]},"ix":2}},{"ty":"tm","bm":0,"hd":false,"mn":"ADBE Vector Filter - Trim","nm":"Trim Paths 1","ix":2,"e":{"a":1,"k":[{"o":{"x":0.42,"y":0},"i":{"x":0.58,"y":1},"s":[100],"t":371.25},{"s":[0],"t":390}],"ix":2},"o":{"a":0,"k":0,"ix":3},"s":{"a":1,"k":[{"o":{"x":0.42,"y":0},"i":{"x":0.58,"y":1},"s":[100],"t":360},{"s":[0],"t":380.625}],"ix":1},"m":1},{"ty":"tr","a":{"a":0,"k":[-80.401,18.5],"ix":1},"s":{"a":0,"k":[100,100],"ix":3},"sk":{"a":0,"k":0,"ix":4},"p":{"a":0,"k":[-80.401,18.5],"ix":2},"r":{"a":0,"k":0,"ix":6},"sa":{"a":0,"k":0,"ix":5},"o":{"a":0,"k":100,"ix":7}}]},{"ty":"gr","bm":0,"hd":false,"mn":"ADBE Vector Group","nm":"Group 3","ix":3,"cix":2,"np":2,"it":[{"ty":"sh","bm":0,"hd":false,"mn":"ADBE Vector Shape - Group","nm":"Path 3","ix":1,"d":1,"ks":{"a":0,"k":{"c":false,"i":[[0,0],[0,0]],"o":[[0,0],[0,0]],"v":[[0.25,-72.25],[0.25,61.25]]},"ix":2}},{"ty":"tm","bm":0,"hd":false,"mn":"ADBE Vector Filter - Trim","nm":"Trim Paths 1","ix":2,"e":{"a":1,"k":[{"o":{"x":0.42,"y":0},"i":{"x":0.58,"y":1},"s":[100],"t":371.25},{"s":[0],"t":390}],"ix":2},"o":{"a":0,"k":0,"ix":3},"s":{"a":1,"k":[{"o":{"x":0.42,"y":0},"i":{"x":0.58,"y":1},"s":[100],"t":360},{"s":[0],"t":380.625}],"ix":1},"m":1},{"ty":"tr","a":{"a":0,"k":[0.25,-5.5],"ix":1},"s":{"a":0,"k":[100,100],"ix":3},"sk":{"a":0,"k":0,"ix":4},"p":{"a":0,"k":[0.25,-5.5],"ix":2},"r":{"a":0,"k":0,"ix":6},"sa":{"a":0,"k":0,"ix":5},"o":{"a":0,"k":100,"ix":7}}]},{"ty":"mm","bm":0,"hd":false,"mn":"ADBE Vector Filter - Merge","nm":"Merge Paths 1","mm":1},{"ty":"st","bm":0,"hd":false,"mn":"ADBE Vector Graphic - Stroke","nm":"Stroke 1","lc":2,"lj":1,"ml":4,"o":{"a":0,"k":100,"ix":4},"w":{"a":0,"k":8,"ix":5},"c":{"a":0,"k":[1,1,1],"ix":3}},{"ty":"tr","a":{"a":0,"k":[0,0],"ix":1},"s":{"a":0,"k":[100,100],"ix":3},"sk":{"a":0,"k":0,"ix":4},"p":{"a":0,"k":[0,0],"ix":2},"r":{"a":0,"k":0,"ix":6},"sa":{"a":0,"k":0,"ix":5},"o":{"a":0,"k":100,"ix":7}}]}],"ind":24,"parent":3},{"ty":3,"nm":"flashlight_control","sr":1,"st":0,"op":1200,"ip":291,"hd":false,"ddd":0,"bm":0,"hasMask":false,"ao":0,"ks":{"a":{"a":0,"k":[0,0,0],"ix":1},"s":{"a":0,"k":[100,100,100],"ix":6},"sk":{"a":0,"k":0},"p":{"a":1,"k":[{"o":{"x":0.42,"y":0},"i":{"x":0.833,"y":1},"s":[0,0,0],"t":298,"ti":[0,4.667,0],"to":[0,-4.667,0]},{"h":1,"s":[0,-28,0],"t":307},{"o":{"x":0.42,"y":0},"i":{"x":0.58,"y":1},"s":[0,-28,0],"t":313,"ti":[0,-4.667,0],"to":[0,8,0]},{"o":{"x":0.42,"y":0},"i":{"x":0.58,"y":1},"s":[0,20,0],"t":318,"ti":[0,3.333,0],"to":[0,4.667,0]},{"o":{"x":0.421,"y":0.421},"i":{"x":0.583,"y":0.583},"s":[0,0,0],"t":322,"ti":[0,0,0],"to":[0,0,0]},{"o":{"x":0.332,"y":0},"i":{"x":0.665,"y":1},"s":[0,0,0],"t":390,"ti":[0,0,0],"to":[0,0,0]},{"s":[0,-58,0],"t":403}],"ix":2},"r":{"a":1,"k":[{"o":{"x":0.167,"y":0},"i":{"x":0.833,"y":1},"s":[0],"t":390},{"o":{"x":0.167,"y":0},"i":{"x":0.833,"y":1},"s":[-22],"t":403},{"o":{"x":0.429,"y":0},"i":{"x":0.593,"y":1},"s":[0],"t":418},{"o":{"x":0.426,"y":0},"i":{"x":0.704,"y":0.867},"s":[128],"t":437.217},{"o":{"x":0.287,"y":-0.434},"i":{"x":0.587,"y":1},"s":[73.655],"t":457},{"s":[90],"t":477}],"ix":10},"sa":{"a":0,"k":0},"o":{"a":0,"k":0,"ix":11}},"ef":[],"ind":25,"parent":3},{"ty":4,"nm":"flashlight_line","sr":1,"st":77,"op":513,"ip":291,"hd":false,"ddd":0,"bm":0,"hasMask":false,"ao":0,"ks":{"a":{"a":0,"k":[0,0,0],"ix":1},"s":{"a":0,"k":[100,100,100],"ix":6},"sk":{"a":0,"k":0},"p":{"a":0,"k":[0,-59,0],"ix":2},"r":{"a":0,"k":0,"ix":10},"sa":{"a":0,"k":0},"o":{"a":0,"k":100,"ix":11}},"ef":[],"shapes":[{"ty":"gr","bm":0,"hd":false,"mn":"ADBE Vector Group","nm":"Vector 9","ix":1,"cix":2,"np":2,"it":[{"ty":"sh","bm":0,"hd":false,"mn":"ADBE Vector Shape - Group","nm":"Path 1","ix":1,"d":1,"ks":{"a":0,"k":{"c":false,"i":[[0,0],[0,0]],"o":[[0,0],[0,0]],"v":[[68,0],[-68,0]]},"ix":2}},{"ty":"st","bm":0,"hd":false,"mn":"ADBE Vector Graphic - Stroke","nm":"Stroke 1","lc":2,"lj":1,"ml":4,"o":{"a":0,"k":100,"ix":4},"w":{"a":0,"k":8,"ix":5},"c":{"a":0,"k":[1,1,1],"ix":3}},{"ty":"tr","a":{"a":0,"k":[0,0],"ix":1},"s":{"a":0,"k":[100,100],"ix":3},"sk":{"a":0,"k":0,"ix":4},"p":{"a":0,"k":[0,0],"ix":2},"r":{"a":0,"k":0,"ix":6},"sa":{"a":0,"k":0,"ix":5},"o":{"a":0,"k":100,"ix":7}}]},{"ty":"tm","bm":0,"hd":false,"mn":"ADBE Vector Filter - Trim","nm":"Trim Paths 1","ix":2,"e":{"a":1,"k":[{"o":{"x":0.42,"y":0},"i":{"x":0.833,"y":1},"s":[100],"t":385},{"s":[100],"t":403}],"ix":2},"o":{"a":0,"k":0,"ix":3},"s":{"a":1,"k":[{"o":{"x":0.42,"y":0},"i":{"x":0.58,"y":1},"s":[100],"t":315},{"o":{"x":0.167,"y":0},"i":{"x":0.833,"y":1},"s":[0],"t":329},{"o":{"x":0.157,"y":0},"i":{"x":0.668,"y":0.807},"s":[0],"t":395},{"o":{"x":0.436,"y":0.2},"i":{"x":0.794,"y":1},"s":[84.705],"t":402},{"s":[100],"t":403}],"ix":1},"m":1},{"ty":"tm","bm":0,"hd":false,"mn":"ADBE Vector Filter - Trim","nm":"Trim Paths 2","ix":3,"e":{"a":0,"k":100,"ix":2},"o":{"a":0,"k":0,"ix":3},"s":{"a":0,"k":0,"ix":1},"m":1}],"ind":26,"parent":25},{"ty":4,"nm":"flashlight_bottom","sr":1,"st":77,"op":422,"ip":291,"hd":false,"ddd":0,"bm":0,"hasMask":false,"ao":0,"ks":{"a":{"a":0,"k":[0,0,0],"ix":1},"s":{"a":0,"k":[100,100,100],"ix":6},"sk":{"a":0,"k":0},"p":{"a":1,"k":[{"o":{"x":0.42,"y":0},"i":{"x":0.58,"y":1},"s":[0,97.75,0],"t":309,"ti":[0,0,0],"to":[0,0,0]},{"o":{"x":0.42,"y":0},"i":{"x":0.58,"y":1},"s":[0,157.75,0],"t":319,"ti":[0,0,0],"to":[0,0,0]},{"o":{"x":0.42,"y":0.42},"i":{"x":0.58,"y":0.58},"s":[0,137.75,0],"t":328,"ti":[0,0,0],"to":[0,0,0]},{"o":{"x":0.368,"y":0},"i":{"x":0.776,"y":0},"s":[0,137.75,0],"t":403,"ti":[0,0,0],"to":[0,0,0]},{"o":{"x":0.362,"y":0.424},"i":{"x":0.686,"y":0.594},"s":[0,144.404,0],"t":412,"ti":[0,0,0],"to":[0,0,0]},{"o":{"x":0.312,"y":0.073},"i":{"x":0.599,"y":0.246},"s":[0,135.941,0],"t":415,"ti":[0,0,0],"to":[0,0,0]},{"s":[0,27.161,0],"t":422}],"ix":2},"r":{"a":0,"k":0,"ix":10},"sa":{"a":0,"k":0},"o":{"a":0,"k":100,"ix":11}},"ef":[],"shapes":[{"ty":"gr","bm":0,"hd":false,"mn":"ADBE Vector Group","nm":"Rectangle 18","ix":1,"cix":2,"np":2,"it":[{"ty":"sh","bm":0,"hd":false,"mn":"ADBE Vector Shape - Group","nm":"Path 1","ix":1,"d":1,"ks":{"a":1,"k":[{"o":{"x":0.42,"y":0},"i":{"x":0.58,"y":1},"s":[{"c":true,"i":[[0,4.418],[0,0],[0,0],[0,0],[0,0],[0,0],[-4.418,0],[0,0]],"o":[[0,0],[0,0],[0,0],[0,0],[0,0],[0,4.418],[0,0],[4.418,0]],"v":[[30,4.25],[30,-12.25],[27.837,-12.25],[-28.32,-12.25],[-30,-12.25],[-30,4.25],[-22,12.25],[22,12.25]]}],"t":397},{"s":[{"c":true,"i":[[0,4.418],[0,4.41],[3.875,0],[4.25,0],[0,-3.59],[0,0],[-4.418,0],[0,0]],"o":[[0,0],[0,-5.91],[-3.875,0],[-4.25,0],[0,3.59],[0,4.418],[0,0],[4.418,0]],"v":[[30,4.25],[30,-4.375],[22.5,-12.215],[-23.25,-12.215],[-30,-4.5],[-30,4.25],[-22,12.25],[22,12.25]]}],"t":400}],"ix":2}},{"ty":"st","bm":0,"hd":false,"mn":"ADBE Vector Graphic - Stroke","nm":"Stroke 1","lc":2,"lj":1,"ml":4,"o":{"a":0,"k":100,"ix":4},"w":{"a":0,"k":8,"ix":5},"c":{"a":0,"k":[1,1,1],"ix":3}},{"ty":"tr","a":{"a":0,"k":[0,0],"ix":1},"s":{"a":0,"k":[100,100],"ix":3},"sk":{"a":0,"k":0,"ix":4},"p":{"a":0,"k":[0,0],"ix":2},"r":{"a":0,"k":0,"ix":6},"sa":{"a":0,"k":0,"ix":5},"o":{"a":0,"k":100,"ix":7}}]}],"ind":27,"parent":25},{"ty":4,"nm":"flashlight_top","sr":1,"st":77,"op":422,"ip":296,"hd":false,"ddd":0,"bm":0,"hasMask":false,"ao":0,"ks":{"a":{"a":0,"k":[0,0,0],"ix":1},"s":{"a":0,"k":[100,100,100],"ix":6},"sk":{"a":0,"k":0},"p":{"a":1,"k":[{"o":{"x":0.42,"y":0},"i":{"x":0.58,"y":1},"s":[0,15,0],"t":291,"ti":[0,0,0],"to":[0,0,0]},{"o":{"x":0.42,"y":0},"i":{"x":0.58,"y":1},"s":[0,-145,0],"t":302,"ti":[0,0,0],"to":[0,0,0]},{"o":{"x":0.167,"y":0.167},"i":{"x":0.58,"y":0.58},"s":[0,-65,0],"t":314.184,"ti":[0,0,0],"to":[0,0,0]},{"o":{"x":0.167,"y":0},"i":{"x":0.58,"y":1},"s":[0,-65,0],"t":403,"ti":[0,0,0],"to":[0,0,0]},{"o":{"x":0.167,"y":0.167},"i":{"x":0.58,"y":0.58},"s":[0,-114,0],"t":412,"ti":[0,0,0],"to":[0,0,0]},{"o":{"x":0.167,"y":0},"i":{"x":0.58,"y":1},"s":[0,-114,0],"t":415,"ti":[0,0,0],"to":[0,0,0]},{"s":[0,38,0],"t":422}],"ix":2},"r":{"a":0,"k":0,"ix":10},"sa":{"a":0,"k":0},"o":{"a":0,"k":100,"ix":11}},"ef":[],"shapes":[{"ty":"gr","bm":0,"hd":false,"mn":"ADBE Vector Group","nm":"Rectangle 16","ix":1,"cix":2,"np":2,"it":[{"ty":"gr","bm":0,"hd":false,"mn":"ADBE Vector Group","nm":"Group 1","ix":1,"cix":2,"np":1,"it":[{"ty":"sh","bm":0,"hd":false,"mn":"ADBE Vector Shape - Group","nm":"Path 1","ix":1,"d":1,"ks":{"a":1,"k":[{"o":{"x":0.167,"y":0.167},"i":{"x":0.833,"y":0.833},"s":[{"c":true,"i":[[0,0],[0,-6.627],[0,0],[-1.09,-1.847],[0,0],[0,0],[0,0],[0,2.145],[0,0],[6.627,0]],"o":[[-6.627,0],[0,0],[0,2.145],[0,0],[0,0],[0,0],[1.09,-1.847],[0,0],[0,-6.627],[0,0]],"v":[[-58,-55],[-70,-43],[-70,1.724],[-68.335,7.822],[-40.5,55],[40.5,55],[68.335,7.822],[70,1.724],[70,-43],[58,-55]]}],"t":397},{"o":{"x":0.167,"y":0.167},"i":{"x":0.833,"y":1},"s":[{"c":true,"i":[[0,0],[0,-6.627],[0,-5.979],[-1.165,-6.119],[-17.836,-4.515],[-20.437,7.9],[1.585,-5.381],[0,5.771],[0,0],[6.627,0]],"o":[[-6.627,0],[0,0],[0,5.979],[0.827,4.347],[15.452,3.912],[17.067,-6.597],[-1.585,5.381],[0,-5.771],[0,-6.627],[0,0]],"v":[[-58,-55],[-70,-43],[-70,-4.526],[-67.335,13.072],[-40.5,55],[40.5,55],[67.835,9.822],[70,-4.526],[70,-43],[58,-55]]}],"t":400},{"s":[{"c":true,"i":[[0,0],[0,-6.627],[0,0],[-1.09,-1.847],[0,0],[0,0],[0,0],[0,2.145],[0,0],[6.627,0]],"o":[[-6.627,0],[0,0],[0,2.145],[0,0],[0,0],[0,0],[1.09,-1.847],[0,0],[0,-6.627],[0,0]],"v":[[-58,-55],[-70,-43],[-70,1.724],[-68.335,7.822],[-40.5,55],[40.5,55],[68.335,7.822],[70,1.724],[70,-43],[58,-55]]}],"t":511}],"ix":2}},{"ty":"tr","a":{"a":0,"k":[0,0],"ix":1},"s":{"a":1,"k":[{"o":{"x":0.42,"y":0},"i":{"x":0.58,"y":1},"s":[90,110],"t":296},{"o":{"x":0.42,"y":0},"i":{"x":0.58,"y":1},"s":[105,95],"t":302},{"o":{"x":0.42,"y":0},"i":{"x":0.58,"y":1},"s":[95,105],"t":310},{"o":{"x":0.42,"y":0},"i":{"x":0.58,"y":1},"s":[110,90],"t":317},{"o":{"x":0.42,"y":0},"i":{"x":0.833,"y":1},"s":[100,100],"t":325},{"o":{"x":0.167,"y":0},"i":{"x":0.833,"y":1},"s":[100,100],"t":412},{"s":[66,66],"t":419}],"ix":3},"sk":{"a":0,"k":0,"ix":4},"p":{"a":0,"k":[0,2],"ix":2},"r":{"a":0,"k":0,"ix":6},"sa":{"a":0,"k":0,"ix":5},"o":{"a":0,"k":100,"ix":7}}]},{"ty":"st","bm":0,"hd":false,"mn":"ADBE Vector Graphic - Stroke","nm":"Stroke 1","lc":2,"lj":1,"ml":4,"o":{"a":0,"k":100,"ix":4},"w":{"a":0,"k":8,"ix":5},"c":{"a":0,"k":[1,1,1],"ix":3}},{"ty":"tr","a":{"a":0,"k":[0,0],"ix":1},"s":{"a":0,"k":[100,100],"ix":3},"sk":{"a":0,"k":0,"ix":4},"p":{"a":0,"k":[0,0],"ix":2},"r":{"a":0,"k":0,"ix":6},"sa":{"a":0,"k":0,"ix":5},"o":{"a":0,"k":100,"ix":7}}]}],"ind":28,"parent":25},{"ty":3,"nm":"fire_flame_position","sr":1,"st":0,"op":300,"ip":135,"hd":false,"ddd":0,"bm":0,"hasMask":false,"ao":0,"ks":{"a":{"a":0,"k":[0,0,0],"ix":1},"s":{"a":0,"k":[100,100,100],"ix":6},"sk":{"a":0,"k":0},"p":{"s":true,"x":{"a":0,"k":0,"ix":3},"y":{"a":1,"k":[{"o":{"x":0.605,"y":-0.001},"i":{"x":0.587,"y":1},"s":[95],"t":135},{"o":{"x":0.461,"y":0},"i":{"x":0.74,"y":1},"s":[-7],"t":146},{"o":{"x":0.167,"y":0.167},"i":{"x":0.833,"y":0.833},"s":[29],"t":157},{"o":{"x":0.42,"y":0},"i":{"x":0.58,"y":1},"s":[29],"t":234},{"o":{"x":0.195,"y":0},"i":{"x":0.58,"y":1},"s":[-143],"t":264},{"o":{"x":0.42,"y":0},"i":{"x":0.58,"y":1},"s":[71.298],"t":286},{"s":[33],"t":300}],"ix":4},"z":{"a":0,"k":0}},"r":{"a":0,"k":0,"ix":10},"sa":{"a":0,"k":0},"o":{"a":0,"k":0,"ix":11}},"ef":[],"ind":29,"parent":25},{"ty":4,"nm":"fire_dot","sr":1,"st":-9,"op":269,"ip":136,"hd":false,"ddd":0,"bm":0,"hasMask":false,"ao":0,"ks":{"a":{"a":0,"k":[0,0,0],"ix":1},"s":{"a":0,"k":[100,100,100],"ix":6},"sk":{"a":0,"k":0},"p":{"a":0,"k":[0,0,0],"ix":2},"r":{"a":0,"k":0,"ix":10},"sa":{"a":0,"k":0},"o":{"a":0,"k":100,"ix":11}},"ef":[],"shapes":[{"ty":"gr","bm":0,"hd":false,"mn":"ADBE Vector Group","nm":"Ellipse 1","ix":1,"cix":2,"np":2,"it":[{"ty":"gr","bm":0,"hd":false,"mn":"ADBE Vector Group","nm":"Group 1","ix":1,"cix":2,"np":1,"it":[{"ty":"el","bm":0,"hd":false,"mn":"ADBE Vector Shape - Ellipse","nm":"Ellipse Path 1","d":1,"p":{"a":0,"k":[0,0],"ix":3},"s":{"a":0,"k":[22,22],"ix":2}},{"ty":"tr","a":{"a":0,"k":[0,0],"ix":1},"s":{"a":1,"k":[{"o":{"x":0.42,"y":0},"i":{"x":0.58,"y":1},"s":[100,100],"t":149},{"o":{"x":0.42,"y":0},"i":{"x":0.58,"y":1},"s":[145.9,145.9],"t":168},{"s":[100,100],"t":184}],"ix":3},"sk":{"a":0,"k":0,"ix":4},"p":{"a":0,"k":[0,0],"ix":2},"r":{"a":0,"k":0,"ix":6},"sa":{"a":0,"k":0,"ix":5},"o":{"a":0,"k":100,"ix":7}}]},{"ty":"st","bm":0,"hd":false,"mn":"ADBE Vector Graphic - Stroke","nm":"Stroke 1","lc":1,"lj":1,"ml":4,"o":{"a":0,"k":100,"ix":4},"w":{"a":0,"k":8,"ix":5},"c":{"a":0,"k":[1,1,1],"ix":3}},{"ty":"tr","a":{"a":0,"k":[0,0],"ix":1},"s":{"a":0,"k":[100,100],"ix":3},"sk":{"a":0,"k":0,"ix":4},"p":{"a":0,"k":[0,0],"ix":2},"r":{"a":0,"k":0,"ix":6},"sa":{"a":0,"k":0,"ix":5},"o":{"a":0,"k":100,"ix":7}}]}],"ind":30,"parent":29},{"ty":4,"nm":"fire_flame_wave","sr":1,"st":30,"op":247,"ip":159,"hd":false,"ddd":0,"bm":0,"hasMask":false,"ao":0,"ks":{"a":{"a":0,"k":[0.006,111.787,0],"ix":1},"s":{"a":0,"k":[100,100,100],"ix":6},"sk":{"a":0,"k":0},"p":{"a":1,"k":[{"o":{"x":0.42,"y":0},"i":{"x":0.58,"y":1},"s":[4.128,113.631,0],"t":156,"ti":[0,6.667,0],"to":[0,-6.667,0]},{"o":{"x":0.42,"y":0.42},"i":{"x":0.58,"y":0.58},"s":[4.128,73.631,0],"t":164,"ti":[0,0,0],"to":[0,0,0]},{"o":{"x":0.42,"y":0},"i":{"x":0.58,"y":1},"s":[4.128,73.631,0],"t":234,"ti":[0,3.5,0],"to":[0,-3.5,0]},{"s":[4.128,52.631,0],"t":246}],"ix":2},"r":{"a":0,"k":0,"ix":10},"sa":{"a":0,"k":0},"o":{"a":0,"k":100,"ix":11}},"ef":[],"shapes":[{"ty":"gr","bm":0,"hd":false,"mn":"ADBE Vector Group","nm":"Rectangle 8","ix":1,"cix":2,"np":2,"it":[{"ty":"gr","bm":0,"hd":false,"mn":"ADBE Vector Group","nm":"Group 1","ix":1,"cix":2,"np":1,"it":[{"ty":"sh","bm":0,"hd":false,"mn":"ADBE Vector Shape - Group","nm":"Path 1","ix":1,"d":1,"ks":{"a":1,"k":[{"o":{"x":0.42,"y":0},"i":{"x":0.833,"y":0.879},"s":[{"c":true,"i":[[-26.354,37.083],[0,0],[-6.446,-7.903],[-7.547,-17.528],[0,0],[-0.977,1.08],[0,0],[-4.031,-5.834],[0,0],[42.594,-16.73],[0,0],[29.128,13.703],[0,0]],"o":[[0,0],[5.908,-8.313],[12.061,14.789],[0,0],[0.576,1.338],[0,0],[4.759,-5.257],[0,0],[26.011,37.65],[0,0],[-29.962,11.768],[0,0],[-41.166,-19.366]],"v":[[-90.154,-10.623],[-22.857,-105.32],[1.698,-106.135],[31.253,-57.425],[34.147,-50.703],[37.467,-50.152],[43.261,-56.553],[60.466,-55.424],[91.058,-11.145],[58.599,95.298],[37.161,103.718],[-55.418,100.687],[-61.725,97.72]]}],"t":159},{"o":{"x":0.167,"y":0.121},"i":{"x":0.58,"y":1},"s":[{"c":true,"i":[[-25.079,37.499],[-0.811,3.148],[-8.528,-6.912],[-14.233,-23.915],[0,0],[-0.977,1.08],[-7.274,6.111],[-3.477,-8.651],[-18.576,-33.404],[42.594,-16.73],[0,0],[29.128,13.703],[0,0]],"o":[[7.992,-13.455],[4.642,-8.538],[12.169,11.376],[0,0],[0.576,1.338],[0,0],[7.274,-6.111],[3.477,8.651],[18.576,33.404],[0,0],[-29.962,11.768],[0,0],[-41.166,-19.366]],"v":[[-90.154,-10.623],[-35.704,-106.673],[-9.881,-107.656],[31.253,-57.425],[34.147,-50.703],[37.467,-50.152],[53.14,-57.05],[70.842,-55.92],[91.058,-11.145],[58.599,95.298],[37.161,103.718],[-55.418,100.687],[-61.725,97.72]]}],"t":181},{"o":{"x":0.167,"y":0},"i":{"x":0.833,"y":0.866},"s":[{"c":true,"i":[[-26.354,37.083],[0,0],[-6.446,-7.903],[-7.547,-17.528],[0,0],[-0.977,1.08],[0,0],[-4.031,-5.834],[0,0],[42.594,-16.73],[0,0],[29.128,13.703],[0,0]],"o":[[0,0],[5.908,-8.313],[12.061,14.789],[0,0],[0.576,1.338],[0,0],[4.759,-5.257],[0,0],[26.011,37.65],[0,0],[-29.962,11.768],[0,0],[-41.166,-19.366]],"v":[[-90.154,-10.623],[-22.857,-105.32],[1.698,-106.135],[31.253,-57.425],[34.147,-50.703],[37.467,-50.152],[43.261,-56.553],[60.466,-55.424],[91.058,-11.145],[58.599,95.298],[37.161,103.718],[-55.418,100.687],[-61.725,97.72]]}],"t":202.475},{"o":{"x":0.167,"y":0.134},"i":{"x":0.833,"y":0.879},"s":[{"c":true,"i":[[-25.873,37.24],[-0.306,1.188],[-7.232,-7.529],[-10.07,-19.938],[0,0],[-0.977,1.08],[0,0],[-4.411,-7.08],[-18.32,-30.301],[42.594,-16.73],[0,0],[29.128,13.703],[0,0]],"o":[[3.016,-5.077],[5.43,-8.398],[12.102,13.501],[0,0],[0.576,1.338],[0,0],[4.759,-5.257],[4.411,7.08],[18.32,30.301],[0,0],[-29.962,11.768],[0,0],[-41.166,-19.366]],"v":[[-90.154,-10.623],[-27.705,-105.83],[-2.672,-106.709],[31.253,-57.425],[34.147,-50.703],[37.467,-50.152],[51.261,-56.553],[68.466,-56.424],[91.058,-11.145],[58.599,95.298],[37.161,103.718],[-55.418,100.687],[-61.725,97.72]]}],"t":221.105},{"o":{"x":0.167,"y":0},"i":{"x":0.833,"y":0.866},"s":[{"c":true,"i":[[-25.079,37.499],[-0.811,3.148],[-8.528,-6.912],[-14.233,-23.915],[0,0],[-0.977,1.08],[0,0],[-4.031,-5.834],[0,0],[42.594,-16.73],[0,0],[29.128,13.703],[0,0]],"o":[[7.992,-13.455],[4.642,-8.538],[12.169,11.376],[0,0],[0.576,1.338],[0,0],[4.759,-5.257],[0,0],[26.011,37.65],[0,0],[-29.962,11.768],[0,0],[-41.166,-19.366]],"v":[[-90.154,-10.623],[-35.704,-106.673],[-9.881,-107.656],[31.253,-57.425],[34.147,-50.703],[37.467,-50.152],[43.261,-56.553],[60.466,-55.424],[91.058,-11.145],[58.599,95.298],[37.161,103.718],[-55.418,100.687],[-61.725,97.72]]}],"t":237.252},{"o":{"x":0.167,"y":0.134},"i":{"x":0.58,"y":1},"s":[{"c":true,"i":[[-25.961,37.211],[-0.25,0.969],[-7.087,-7.598],[-9.605,-19.494],[0,0],[-0.977,1.08],[-3.617,3.791],[-3.911,-6.58],[-22.68,-34.199],[42.594,-16.73],[0,0],[29.128,13.703],[0,0]],"o":[[2.46,-4.141],[5.518,-8.383],[12.094,13.738],[0,0],[0.576,1.338],[0,0],[3.617,-3.791],[3.911,6.58],[23.806,35.897],[0,0],[-29.962,11.768],[0,0],[-41.166,-19.366]],"v":[[-90.154,-10.623],[-26.811,-105.736],[-1.866,-106.603],[31.253,-57.425],[34.147,-50.703],[37.467,-50.152],[47.261,-58.553],[64.466,-57.424],[91.058,-11.145],[58.599,95.298],[37.161,103.718],[-55.418,100.687],[-61.725,97.72]]}],"t":258.369},{"s":[{"c":true,"i":[[-26.354,37.083],[0,0],[-6.446,-7.903],[-7.547,-17.528],[0,0],[-0.977,1.08],[0,0],[-4.031,-5.834],[0,0],[42.594,-16.73],[0,0],[29.128,13.703],[0,0]],"o":[[0,0],[5.908,-8.313],[12.061,14.789],[0,0],[0.576,1.338],[0,0],[4.759,-5.257],[0,0],[26.011,37.65],[0,0],[-29.962,11.768],[0,0],[-41.166,-19.366]],"v":[[-90.154,-10.623],[-22.857,-105.32],[1.698,-106.135],[31.253,-57.425],[34.147,-50.703],[37.467,-50.152],[43.261,-56.553],[60.466,-55.424],[91.058,-11.145],[58.599,95.298],[37.161,103.718],[-55.418,100.687],[-61.725,97.72]]}],"t":277}],"ix":2}},{"ty":"tr","a":{"a":0,"k":[0,111.146],"ix":1},"s":{"a":1,"k":[{"o":{"x":0.348,"y":0.148},"i":{"x":0.567,"y":1},"s":[61.927,72.55],"t":159},{"o":{"x":0.42,"y":0},"i":{"x":0.58,"y":1},"s":[104,104],"t":169.5},{"o":{"x":0.42,"y":0},"i":{"x":0.833,"y":1},"s":[100,100],"t":180},{"o":{"x":0.167,"y":0},"i":{"x":0.833,"y":1},"s":[100,100],"t":234},{"s":[57,57],"t":246}],"ix":3},"sk":{"a":0,"k":0,"ix":4},"p":{"a":0,"k":[0,111.146],"ix":2},"r":{"a":0,"k":0,"ix":6},"sa":{"a":0,"k":0,"ix":5},"o":{"a":0,"k":100,"ix":7}}]},{"ty":"st","bm":0,"hd":false,"mn":"ADBE Vector Graphic - Stroke","nm":"Stroke 1","lc":2,"lj":1,"ml":4,"o":{"a":0,"k":100,"ix":4},"w":{"a":0,"k":8,"ix":5},"c":{"a":0,"k":[1,1,1],"ix":3}},{"ty":"tr","a":{"a":0,"k":[0,0],"ix":1},"s":{"a":0,"k":[100,100],"ix":3},"sk":{"a":0,"k":0,"ix":4},"p":{"a":0,"k":[0,0],"ix":2},"r":{"a":0,"k":0,"ix":6},"sa":{"a":0,"k":0,"ix":5},"o":{"a":0,"k":100,"ix":7}}]}],"ind":31,"parent":29}],"v":"5.7.6","fr":112,"op":478,"ip":32,"assets":[]}